Top25perc,Room.Board,Grad.Rate,Apps_trans_scaled,Top10perc_trans_scaled,F.Undergrad_trans_scaled,P.Undergrad_trans_scaled,Outstate_trans_scaled,Books_trans_scaled,Personal_trans_scaled,Terminal_trans_scaled,S.F.Ratio_trans_scaled,perc.alumni_trans_scaled,Expend_trans_scaled,Accept_Rate_scaled,Outstate_Tier_Encoded_scaled,Private_Encoded_scaled
52,3300,60,0.0277941705422539,-0.05311907203067916,0.4335994064806926,0.3001555111149258,-0.6934490715406573,-0.6142542982610626,1.271398499406051,-0.28237352323745246,1.0179463816947247,-0.7227012651918747,-0.4911826984337565,-0.032372339112454566,-1.0987972149572356,0.6125530498969481
29,6450,56,0.2829202044206763,-0.5849046607537626,0.3653816194056265,0.8682389489526615,0.5562683365380878,1.302364976162053,0.45655088685874945,-2.2481293668347866,-0.43508339754859443,-0.28448920152158647,0.5523622369819016,0.9061926295687938,0.3581403891754813,0.6125530498969481
50,3750,54,-0.11391602631457266,-0.12094221917214973,-0.6367744332943975,-0.7272538841097257,0.32201070401890103,-1.0385747644412713,-0.0686551430120969,-1.0407110988557453,-0.250216479237428,0.696881263144984,0.09639280596058714,0.14474993126166572,0.3581403891754813,0.6125530498969481
89,5450,59,-1.3327694509817885,1.6144757210802627,-1.5312067984905093,-0.9740319705249556,0.7039260224445798,-0.6142542982610626,-0.6517337337792259,1.3645882269351624,-1.7418718980861345,1.0294623131395182,1.7269972924922858,0.6122251618760879,0.3581403891754813,0.6125530498969481
44,4120,15,-2.1530495876645794,-0.5849046607537626,-2.588900938355175,0.6254175275588524,-0.6567761844143083,1.5536080293455437,0.45655088685874945,-0.6870519494859656,-0.5155706927336406,-3.1179783991407715,0.6370436045066589,0.06495494735718245,-1.0987972149572356,0.6125530498969481
62,3335,55,-0.9831669114228417,0.7690207208177235,-1.155099050864925,-1.1985700260580425,0.817596785733177,-0.22919460362735344,-1.169758864790823,-0.6232192944825511,-1.22018114926161,-0.8534518760234878,0.3648514210769267,0.4699427534045053,0.3581403891754813,0.6125530498969481
45,5720,63,-1.5063000160279125,-0.49946894118390567,-1.81506551206156,-0.2364992154928755,0.7737527961030578,-0.22919460362735344,0.45655088685874945,0.9692990979140862,-0.6241261617099947,0.47121122188858366,0.13304593063730474,1.4709627437747088,0.3581403891754813,0.6125530498969481
68,4826,73,0.15310561817763538,0.7226458157909567,-0.15706162447411606,-1.323847012672887,0.893359908024116,-0.6142542982610626,-0.7100928488284425,1.6789026453905742,-0.043655143285563025,1.0294623131395182,0.7502823344555288,1.0802869864699451,0.3581403891754813,0.6125530498969481
63,4400,80,-0.4193589015912839,0.36877700770497285,-0.7104745655794538,-0.06079782059427027,1.2322935057020183,-2.0483080496073764,-1.7565250578392297,0.17590711389826053,-0.6789541283407586,0.2788113855351543,0.7802351502105344,0.4173714627910875,1.8150779933081982,0.6125530498969481
44,3380,52,-0.9918073458047851,-0.19109950858549485,-0.9486144612853746,-0.8587961830100914,0.13456411411234906,0.8108421981673638,0.8415717373866589,-2.0259049331637793,-0.6241261617099947,-0.3835201634208818,0.17002953770072846,0.7396977547397244,0.3581403891754813,0.6125530498969481
75,5406,73,0.06748238366850187,0.7226458157909567,-0.012674055439693759,-0.6681269626758217,1.4088462913452764,-0.22919460362735344,-1.4016057555673218,0.5124477851823425,-0.6789541283407586,0.7487430981377603,0.6391260070100192,0.5157537502634537,1.8150779933081982,0.6125530498969481
77,4440,76,0.4590003826812989,1.0296888476949615,-0.08489100248516804,-1.1623087972167594,1.5045123674303469,-1.0385747644412713,-1.4016057555673218,0.7816568116943878,-1.0739217798372562,1.1929497028195202,0.7928286551963839,-0.20738347780626848,1.8150779933081982,0.6125530498969481
64,4785,74,-0.2965422603965576,0.7690207208177235,-0.53640557904833,0.4148380667121811,-0.061289944401662744,0.44960143907769445,-0.3812772018018639,0.17590711389826053,-0.14633148248231995,0.13667737956055104,-0.1552298965786931,-0.5805764736347528,0.3581403891754813,0.6125530498969481
73,4552,68,-0.22763264605805184,1.0296888476949615,-0.37330691285425166,-1.3900837948934839,0.6203160478629941,-1.0385747644412713,-2.1844360203854483,0.4259346495311623,0.35589122750062535,0.7990089285165864,0.2560513072365703,0.7175029449852314,0.3581403891754813,0.6125530498969481
46,3640,55,-1.1584349762053043,-0.05311907203067916,-0.3640139109490829,0.8728931154724844,-0.4238386292670067,0.7526774068770612,1.503697003629093,-0.8700943318940553,-0.7341609556836688,0.47121122188858366,-0.09264109665666513,-0.7708663600093951,-1.0987972149572356,0.6125530498969481
22,4780,69,-0.11923450915941824,-1.3330274833513367,-0.6572622589402509,-0.10067963175366583,-0.3260722857638828,-0.6142542982610626,0.3122051961280074,0.17590711389826053,0.20805976907672294,-0.019012808716357025,-0.3666623052432121,0.15502838090331927,-1.0987972149572356,0.6125530498969481
96,5300,100,0.8890995965125371,2.278086036664828,-0.1577279058501952,-2.1706909080364514,1.958821970010619,0.8108421981673638,0.5896109061165148,1.467641878959388,-1.5221214688076337,1.8810063596964015,1.921528660450018,-3.512278049067009,1.8150779933081982,0.6125530498969481
40,3520,59,-0.26691812656526676,-0.33923404372499033,-0.01888830444719609,-0.11376894624033493,0.04316040253595542,0.12366360034857365,-0.18659120676503163,-1.2983753500580535,-0.4618260387652622,-0.488944521318963,-0.1369244031402111,-0.0014773287692968597,0.3581403891754813,0.6125530498969481
23,3090,46,-0.3373470674162878,-0.768473675269448,-0.16240619603243528,-0.02115914000686885,0.016933326759192444,2.017544989660185,0.18968183155468982,-1.0407110988557453,-0.6241261617099947,-0.10280094841912382,0.6341232956603393,-0.8429325116318768,0.3581403891754813,0.6125530498969481
54,3592,34,0.7175926868986037,0.012544204192919125,0.7676884667409247,1.0193220410253423,-1.4912463226655415,-0.22919460362735344,1.0664517666868942,-1.2494530951634284,2.1082507547381426,-1.9857151375821298,-2.3924526873218332,-1.2357963684675608,-1.0987972149572356,-1.6325116659989423
44,3336,48,-0.7881977335472874,0.07620224590010746,-1.0927946780790592,-1.4860814376784817,1.209754325500277,-1.0385747644412713,-0.18659120676503163,0.01703484187169807,-0.6789541283407586,0.9411429344911897,2.8359956859131485,1.2253721686672496,1.8150779933081982,0.6125530498969481
63,2540,70,1.3437272780440994,-0.2637884142137961,1.4439439767799105,0.7474276315958309,-0.8939510962294311,-5.699556162348107,1.0664517666868942,1.2632379969775114,1.0636508731902279,-0.488944521318963,-1.0519687050520365,-0.7425339967163727,-1.0987972149572356,-1.6325116659989423
51,4124,65,-0.9296724983030672,-0.2637884142137961,-0.42124755421151777,0.5395560299649554,0.31216472861049205,-1.5119094047906834,0.6119203357070329,-1.094880026424442,-0.3026284436876273,0.4095619963667674,-0.6885530095696392,0.5895880059066398,0.3581403891754813,0.6125530498969481
49,4850,48,1.8053048750382368,0.012544204192919125,1.9783596156465564,2.2971153370827166,-0.6952928841954168,1.0360807079976635,1.171185067075423,0.9692990979140862,1.1996123641074883,-1.9857151375821298,-1.8724588424063087,0.39330153654403927,-1.0987972149572356,-1.6325116659989423
74,3922,54,-0.7952056021137316,1.1106782881401163,-1.4790166841604395,-0.37689610893187386,-0.34162914293415475,-0.22919460362735344,-0.831740799103585,0.5124477851823425,-0.32895477682173246,0.34549454598816776,1.2454681517793542,-1.871830079986632,-1.0987972149572356,0.6125530498969481
52,2650,48,0.06855942366930086,-0.972731667786928,0.6355953858538824,0.6792289379186931,-2.2324617327877823,-0.6142542982610626,-0.3812772018018639,-1.3460179845367914,1.3561294433902287,-1.9857151375821298,-1.766610175309192,1.7018576991796808,-1.0987972149572356,-1.6325116659989423
59,5920,88,0.26123962574723714,-0.05311907203067916,-0.0842785406361863,0.4666461901064971,0.49390607097335004,-0.22919460362735344,-1.7565250578392297,0.9692990979140862,-0.0181691230182655,0.696881263144984,-0.4671388486143455,0.3355246525831801,0.3581403891754813,0.6125530498969481
57,3933,69,1.370278593404718,0.07620224590010746,1.7758025973961928,1.1124020592964763,-1.0629709897256059,0.44960143907769445,0.9657230697442368,0.7816568116943878,0.6923240937679691,-0.10280094841912382,-0.66234776402534,1.0392600991794334,-1.0987972149572356,-1.6325116659989423
30,4372,58,-0.8622838786335933,-0.972731667786928,0.114497934841232,0.502111266263199,0.4718535875829905,0.055394205642346685,-0.48548409270739684,-1.094880026424442,-0.2763826353397781,0.7487430981377603,-0.19103172876789817,0.19044222201896147,0.3581403891754813,0.6125530498969481
69,4173,71,0.1432863527713615,0.6753287453312369,0.05229420487314885,-1.2373062479710122,0.7869534898148401,0.055394205642346685,-0.7798144879119726,0.09569733284866454,-0.3026284436876273,1.1535860970634626,0.23321172569719242,0.9214152171455692,0.3581403891754813,0.6125530498969481
58,3244,69,-0.7234886416365377,-0.19109950858549485,-0.34735750747073335,-0.0731450638483326,0.26066610660468426,0.44960143907769445,-0.3389427464052033,-0.8104772611976783,-0.930509623619824,0.696881263144984,-0.5622343980249315,1.3996816360153455,0.3581403891754813,0.6125530498969481
74,4342,71,-0.5075090324304669,0.9459121453121648,-0.5465906523231705,-1.6883580068917188,0.32902876832268085,-1.0385747644412713,-0.09532026042061388,1.1635803366973685,-0.22412911897517096,0.8477740600370556,0.725783250764518,0.6451598036797981,0.3581403891754813,0.6125530498969481
40,4135,48,-0.9167620943759426,-0.5849046607537626,-0.9832004951644472,0.3013831459239031,-0.001074826464552071,1.302364976162053,0.23641393778204187,-0.9851988400469104,1.9615837552373678,-0.8534518760234878,-0.7165006291979141,0.9511964327113076,0.3581403891754813,0.6125530498969481
47,4100,65,-0.9577117377063573,-0.19109950858549485,-0.7288823297174307,0.2072411880542442,-0.3483166376790663,-1.0385747644412713,1.319933419839818,-0.9283307329438812,-0.7619093999483375,0.13667737956055104,-0.9036897818932236,0.3768326308712091,-1.0987972149572356,0.6125530498969481
61,4410,85,0.044551139273641086,0.36877700770497285,0.37764147047824187,0.9937885450977623,0.2618547522692284,2.4385556137203848,-0.3812772018018639,-0.5579571392876599,0.9028169700855416,0.060686441260878146,-0.10617250445471184,0.4173637074421859,0.3581403891754813,0.6125530498969481
36,4300,71,-1.826185983809296,-0.6744109272506594,-1.6948013186411108,-0.14762845649391362,-0.061289944401662744,-0.22919460362735344,-1.7565250578392297,-0.35347352257287784,-1.1320725358242631,0.9411429344911897,0.2645665459976301,-0.07683547168872246,0.3581403891754813,0.6125530498969481
85,6206,79,0.1584590373676201,1.265104344999401,-0.6735049516794013,-1.6883580068917188,1.87793808381642,1.302364976162053,-0.9606431574714017,1.467641878959388,-0.930509623619824,0.696881263144984,1.1505826155171934,-2.09635990984827,1.8150779933081982,0.6125530498969481
95,8124,91,0.40402576072111746,1.374993777959597,0.13690062355669172,-0.9252445141562533,1.6526907612293125,0.44960143907769445,-0.7100928488284425,0.9692990979140862,-0.9589736432806009,0.8477740600370556,0.9466907792604563,-1.2599820566031195,1.8150779933081982,0.6125530498969481
45,5360,72,-0.4653031322549058,-0.4176946998854468,-0.023436600700077255,1.5741815572673292,0.33136539791935343,0.44960143907769445,0.8415717373866589,-0.28237352323745246,-0.32895477682173246,-0.8534518760234878,0.19598482610711032,0.30604530939689767,0.3581403891754813,0.6125530498969481
66,3920,72,1.1867954473128404,0.5776799288914051,1.442439656312923,0.23194512481235613,-1.0119640772693326,0.44960143907769445,0.23023887592405234,-0.4230962065588109,1.109161442390268,1.0718935453228027,-0.3107758058606936,0.9085560258813842,-1.0987972149572356,0.6125530498969481
56,5400,73,-0.30966301556478515,-0.05311907203067916,-0.8333703215924881,0.2776982439626949,0.6803911120003983,-1.0385747644412713,-0.831740799103585,0.6005650532112241,-0.43508339754859443,0.696881263144984,0.15958778625130107,-0.1092398336151793,0.3581403891754813,0.6125530498969481
63,2950,84,-0.6654593239812808,0.8144962912549336,-0.4699401998494055,0.37928809431096844,-0.2874658280935898,1.302364976162053,0.14195578666431385,0.01703484187169807,-0.1981197138629203,0.7487430981377603,-0.6507148514205457,0.8785608716883411,0.3581403891754813,0.6125530498969481
36,4850,52,-0.9087825139784366,-0.49946894118390567,-1.0981448537364473,-0.5687111330584822,-0.2438328726773592,-2.0483080496073764,1.5310702282150968,0.25767565625110594,-0.17218743851993448,-0.9955858819980911,-0.2933824340998796,0.23616110930551232,0.3581403891754813,0.6125530498969481
67,3664,49,-0.26377358194706124,0.25645415555414425,0.059555462092445895,0.398889570751312,-0.5845619581984869,0.7526774068770612,-0.5948985251933547,-1.2983753500580535,-0.7341609556836688,-0.019012808716357025,-0.26996458581794863,0.3498620405629711,-1.0987972149572356,0.6125530498969481
54,3616,69,-0.18856465956975316,0.1379929544107909,-0.5831309871770872,-0.8381790084362992,1.3642928024927294,-1.4620140071701098,-1.0556986655344829,1.1635803366973685,-0.7341609556836688,0.47121122188858366,1.00844191488591,-0.32436931824763443,1.8150779933081982,0.6125530498969481
36,2700,46,-0.2732406406363967,-0.972731667786928,0.6819176384241513,0.5887221256003545,-1.781279641101148,0.8108421981673638,0.8415717373866589,-1.2494530951634284,1.3561294433902287,-0.28448920152158647,-2.657835353557426,-0.14240146751948335,-1.0987972149572356,-1.6325116659989423
24,3850,58,-0.9087825139784366,-0.768473675269448,-1.110736639571565,0.2545277798622654,-0.09761998875753103,-1.5119094047906834,-3.0629205964390054,0.17590711389826053,0.0578612934555406,-0.10280094841912382,-1.015218906953496,1.5923146748623527,0.3581403891754813,0.6125530498969481
53,4100,55,-1.1080463869533936,0.07620224590010746,-1.682520194830824,-2.5348043450754973,2.2629566246673223,0.44960143907769445,-1.7565250578392297,-1.392393977623881,-1.0162263078285314,0.8477740600370556,1.4633422065399024,-0.794983454211281,1.8150779933081982,0.6125530498969481
60,5510,82,0.6988613218762794,-0.2637884142137961,0.4986063700001899,1.0294098539172034,0.8794605502331131,0.6339700079371658,-0.7100928488284425,0.4259346495311623,0.8796391417393972,0.060686441260878146,0.6409976588717746,-0.5080160334240953,0.3581403891754813,0.6125530498969481
68,3940,63,0.1328547136242795,0.7226458157909567,-0.1399150304706784,-1.106552791365331,-0.5108746975091973,-1.5119094047906834,1.4370347749629446,-0.1356944211524122,0.5973594417391935,-0.1911203270674524,0.5488289868373686,-0.6106383516830006,-1.0987972149572356,0.6125530498969481
41,3363,48,-0.5825186966500828,-0.5849046607537626,-1.103522695413072,-0.9825675695179338,-0.3150004769714215,0.12366360034857365,0.7203062079769135,-0.9283307329438812,-0.5968513856813783,0.643318740239679,-0.23255110106695623,1.2411279287757164,-1.0987972149572356,0.6125530498969481
42,3580,56,-2.1032305933244033,-0.33923404372499033,-1.461314607172298,-0.7160770609235252,-0.3706970294107873,-0.22919460362735344,0.3122051961280074,-0.1356944211524122,-1.3997522503124076,0.7990089285165864,-0.029063686328034313,1.1153271407249636,-1.0987972149572356,0.6125530498969481
28,2900,35,-1.1420185183626748,-1.0845174670653985,-2.0786377358839774,-0.8874268200608982,-1.097420398630377,0.44960143907769445,-0.831740799103585,-1.199238322126377,-0.5696679334896119,-0.601645107695158,-0.266695790697698,0.12252653810695363,-1.0987972149572356,0.6125530498969481
30,3396,58,0.019862731360733504,-0.972731667786928,0.1401853966530453,-0.8314593967701951,-1.468582119341377,0.7526774068770612,1.5485627321158653,-1.8227310098814986,-0.0181691230182655,-1.1512760702749985,-0.5853739127887877,-0.3283078312388014,-1.0987972149572356,0.6125530498969481
88,4325,72,-0.6679077542812651,1.833986395084288,-0.31573431479780967,-0.30009653988082174,0.4168816091088187,-1.0385747644412713,-0.5948985251933547,-0.20978440474634713,0.03258838544133381,0.8951255085680089,0.07090393487116538,-0.11218972375194472,0.3581403891754813,0.6125530498969481
55,2700,51,-1.1460961832899987,0.07620224590010746,-1.798066716837837,-1.4079726500278762,-0.9951351141622933,-0.22919460362735344,-0.3812772018018639,-0.4230962065588109,0.10819887684225446,1.6034744834472257,-0.012353858488955581,-0.5096802992566043,-1.0987972149572356,0.6125530498969481
55,2948,75,1.2790783538152772,-0.6744109272506594,1.0437985490156894,0.6844093815412554,-0.5714816336528199,-0.22919460362735344,0.6952627029281586,-0.9283307329438812,0.995020485992735,-0.019012808716357025,-0.4911826984337565,-2.039725437615475,-1.0987972149572356,-1.6325116659989423
30,4350,53,-1.437542574929285,-0.6744109272506594,-1.2033929563374506,-0.5775343946618573,-0.7837089911468502,-0.6142542982610626,0.45655088685874945,-0.9851988400469104,0.9490194931800552,-2.6480466865381658,-0.8422634873250524,1.3786509704998542,-1.0987972149572356,0.6125530498969481
50,3990,58,-0.8179928307605432,-0.2637884142137961,-1.01075405327809,-0.8381790084362992,-0.007435867506012867,-1.0385747644412713,-0.5948985251933547,-0.7494672137091747,-0.14633148248231995,-0.019012808716357025,0.19293625552656649,-0.02825088508005347,0.3581403891754813,0.6125530498969481
80,6810,72,2.166513908461582,1.0705183742130715,1.722509583512023,1.5664000340843383,1.7371004827258412,-0.4173081667300912,-0.3309705579329345,-0.060091883356808096,-0.5155706927336406,-0.28448920152158647,1.5149199449563804,-0.699015309415438,1.8150779933081982,0.6125530498969481
100,5885,96,0.670209399278762,2.092417481864056,-0.22922305898515233,-1.9707317600173162,1.839303693574466,4.098958976586206,-0.6517337337792259,1.2632379969775114,-0.7065095991630403,1.5729406861767377,1.8468697924441342,-3.0154054508501797,1.8150779933081982,0.6125530498969481
45,3352,67,1.5396129266227727,-0.768473675269448,1.6642175111317759,0.8600279544133589,-0.6897643746874383,0.44960143907769445,0.7203062079769135,0.6005650532112241,1.6843804232693957,-0.488944521318963,-0.542321574232864,0.3111597547912219,-1.0987972149572356,-1.6325116659989423
36,6270,46,-1.270295331664833,-1.991623129577312,-1.6948013186411108,-1.186224667229641,0.9364079032146706,-0.22919460362735344,-0.5948985251933547,-0.1356944211524122,-0.9875453814266576,0.13667737956055104,1.3489179441455903,-0.013650259089188311,0.3581403891754813,0.6125530498969481
58,4440,85,0.7725344589798298,0.36877700770497285,0.8343402509935801,0.4200791863579132,0.23203139392723884,5.355379159510385,0.4871077983610528,-0.060091883356808096,0.1332649014169342,0.13667737956055104,-0.24936222050965917,1.0840392376190466,0.3581403891754813,0.6125530498969481
77,6750,84,0.865199010283176,1.1890885687490669,0.4119680489873814,-0.9825675695179338,1.896975944257963,-0.9501505503571354,-0.3812772018018639,1.3645882269351624,-1.1029394439418776,0.34549454598816776,1.5480135052741824,-0.6234180362101066,1.8150779933081982,0.6125530498969481
41,5879,49,-1.4656042175278035,-0.972731667786928,-0.7810443837135086,0.2251671013717651,-0.0866844460919116,-0.22919460362735344,-1.0977621251970406,-0.1356944211524122,-0.043655143285563025,-0.7227012651918747,-1.0082672446913596,-0.0022699379670338736,0.3581403891754813,0.6125530498969481
26,2370,18,-0.10862941139826635,-1.2041414384332418,-0.3614958663326453,0.5870496469262879,-1.8047132906922128,-0.22919460362735344,1.0664517666868942,-1.2494530951634284,-0.32895477682173246,-0.9955858819980911,-1.6480951708121505,0.7361816506318815,-1.0987972149572356,0.6125530498969481
44,3597,58,-1.3969133379514644,-0.5849046607537626,-1.0475479310975058,0.15513897741571556,0.08316552390396748,0.44960143907769445,0.45655088685874945,-1.0407110988557453,-0.1981197138629203,0.47121122188858366,-0.01927016515790758,1.0100077259975677,0.3581403891754813,0.6125530498969481
53,4725,82,-0.6283199062642033,-0.12094221917214973,-0.8292454849789095,-1.0460501389834256,0.084409058563265,0.19086001204931075,-0.6517337337792259,-0.6232192944825511,-0.17218743851993448,0.34549454598816776,0.07269489588868396,0.3821183120083568,0.3581403891754813,0.6125530498969481
82,3580,33,1.3496805539388919,1.1890885687490669,2.0901240479351846,0.8832664435062879,-2.87582633994978,1.8376383868775021,0.026470901511528633,-0.4230962065588109,1.554206057028963,1.1535860970634626,-0.16342743253500763,-0.09154933203745326,-1.0987972149572356,0.6125530498969481
95,5926,97,1.7911253315794533,2.3790007091044547,1.015322642227296,0.021801912305271908,1.9211572534797512,1.1445230675700342,-0.18659120676503163,1.6789026453905742,-1.773888167063639,1.113250452842285,1.8463150903123957,-3.330255374698259,1.8150779933081982,0.6125530498969481
95,6750,89,-0.08972687212285793,1.9518471386888563,-0.579943006792985,-1.658361763019646,1.6937169402895762,-0.22919460362735344,-0.007652219861956637,1.6789026453905742,-0.4084259016153437,1.4777578075468099,1.578668975404603,-1.3198265587657974,1.8150779933081982,0.6125530498969481
85,4750,93,1.2504909446247758,1.2273850455284776,0.5614530302964562,-1.3396748933878242,1.759065856055431,1.5536080293455437,-0.007652219861956637,1.3645882269351624,0.0830645638304953,0.9858994490492295,1.1187099133306047,-1.1197426097672865,1.8150779933081982,0.6125530498969481
70,3797,78,-0.6028462066853549,0.47565884296982625,0.04075430941373802,0.1729293238518454,0.7771092410121854,-0.6142542982610626,-0.48548409270739684,-0.8700943318940553,-1.3997522503124076,-0.9955858819980911,-0.8061972791489666,0.36101334232503157,0.3581403891754813,0.6125530498969481
68,4650,83,0.35377640975641483,0.8591123720558881,0.3380757557022782,-0.4982584079537135,0.7400414030092266,-0.22919460362735344,0.5922469197566411,-0.060091883356808096,-0.7897561601567338,0.643318740239679,0.3100924077001189,0.7855087473351297,0.3581403891754813,0.6125530498969481
28,6250,71,-0.9627479374787353,-1.473054451276509,-0.637901228517088,0.1787627805838344,0.14681933353138032,-2.0483080496073764,-2.7257704667256846,-0.4230962065588109,0.6449537276656453,0.9858994490492295,-0.4602680687107282,0.5290833795668957,0.3581403891754813,0.6125530498969481
42,4600,55,-0.4449148326110549,-0.49946894118390567,-1.127152826335479,0.6246208735534571,-0.27104314076609054,-0.8209747619128162,-0.3812772018018639,1.2632379969775114,0.007245147886748601,0.4095619963667674,-0.1613744579731097,-1.0169390083481804,0.3581403891754813,0.6125530498969481
52,5300,60,-1.0253830501368704,-0.05311907203067916,-0.2759914391812375,0.1581348585178636,0.7017919204959063,0.5242920897365386,-1.4814896984022952,-0.5579571392876599,-0.3818525909118409,-0.1911203270674524,0.16834078692165702,-2.0965117284135446,0.3581403891754813,0.6125530498969481
73,4877,59,1.3989615769398298,1.1501937769220454,1.6246892933412627,0.9653575739583252,-0.7119313609652208,0.5242920897365386,1.1619503468719805,-0.060091883356808096,1.4004471709358843,-0.601645107695158,0.011324884884015066,-1.7567460650794124,-1.0987972149572356,-1.6325116659989423
60,4368,61,0.9360433396990501,-1.991623129577312,1.6542059610878725,0.8838387934629793,-0.6126695683392136,0.44960143907769445,0.9857796287849364,0.6902976719925955,1.7059353653945974,-1.3233835886260938,-0.400330928820029,-0.14541295664005874,-1.0987972149572356,-1.6325116659989423
56,3710,81,0.09506067768965824,0.3133361961439687,0.5842787509955023,-0.5471730267600206,0.07569594286834247,-1.0385747644412713,0.009474619696732101,-0.060091883356808096,0.23285911133526874,1.1929497028195202,-0.20850617036806593,0.6843510875872699,0.3581403891754813,0.6125530498969481
54,2790,63,0.24032072688163883,-0.2637884142137961,0.5265573908214919,0.8547042417087152,-0.6598175891537094,0.44960143907769445,-1.7565250578392297,-0.35347352257287784,1.8344440104278008,0.8951255085680089,-2.671950574810417,-0.7165326189339857,-1.0987972149572356,0.6125530498969481
55,3070,49,-0.6166530934911131,0.07620224590010746,-0.7578008556512424,-0.3704128641720285,-1.1462683370580748,0.44960143907769445,0.15797762169666751,-1.0407110988557453,0.9259436201670271,-0.601645107695158,-1.3209395744714776,-0.37215844829040096,-1.0987972149572356,0.6125530498969481
34,5340,64,0.5249273189467962,-0.5849046607537626,0.463076949269884,0.16111826630539056,0.20318825005073013,-1.0385747644412713,-0.1313791743861618,0.8746535950171559,0.18319470580243435,0.47121122188858366,-0.14435910867888574,0.1478604890855732,0.3581403891754813,0.6125530498969481
66,4000,83,0.07552786174446585,0.5776799288914051,-0.11291342235414788,0.6946674556874315,0.7230844371695309,-0.22919460362735344,-0.831740799103585,-0.8700943318940553,-0.4618260387652622,0.5306181538634841,0.3219138639315183,0.30027162076363334,0.3581403891754813,0.6125530498969481
52,2812,52,-2.8904514673195236,-1.2041414384332418,-2.3931913503392037,-0.01159251633041347,-0.4101964618018934,-2.0483080496073764,1.2057442275244938,-1.7549633934685398,-0.4618260387652622,0.34549454598816776,-0.1430049917869521,1.0412427498106844,-1.0987972149572356,0.6125530498969481
93,3957,91,0.4732094618463482,2.064866071252274,0.009545198981378518,-1.7906089740186033,1.8825403099845799,0.12366360034857365,-1.5715860926720169,0.9692990979140862,-0.930509623619824,1.8025827916211208,1.6292275500286022,-1.0938796962541568,1.8150779933081982,0.6125530498969481
89,5690,74,1.491431538977347,1.6144757210802627,0.7829020843937383,-0.09208974967983093,1.648206037169157,-0.6142542982610626,0.0766966911087716,0.9692990979140862,-1.2795288599936459,0.7487430981377603,2.1190355408080515,-1.0273467246948385,1.8150779933081982,0.6125530498969481
55,3880,79,-0.3121447080494866,-0.33923404372499033,-0.3310020809793735,0.5123408454749714,0.538546706109194,-0.3790064844169328,-0.5285949292740616,-0.060091883356808096,0.9490194931800552,0.4095619963667674,-0.251159987447066,0.7304482791491357,0.3581403891754813,0.6125530498969481
62,3150,67,-0.3667922933911203,0.19803987368047163,-0.04362736644958191,-0.21316481794747633,-0.4818208158084276,-1.0385747644412713,-1.7565250578392297,-1.2494530951634284,-0.06921364143108524,-0.28448920152158647,-0.6294214451007852,0.8215336163709752,-1.0987972149572356,0.6125530498969481
43,3775,62,0.002620309848810453,-0.2637884142137961,-0.2929196069874421,0.3511732797563741,0.7389835842826059,-0.22919460362735344,0.15797762169666751,0.6005650532112241,0.5014836937996878,0.20928980457225407,-0.36321439786746823,0.9259068230464086,0.3581403891754813,0.6125530498969481
93,4730,67,0.7978939756724668,1.9518471386888563,0.4854399743130696,0.27005634226328273,1.2520873745932648,-0.04910428867699247,0.3999140298383418,1.1635803366973685,-3.550324457241616,0.643318740239679,1.788735362496315,0.45645951144347224,1.8150779933081982,0.6125530498969481
22,4690,79,-0.23520038799810603,-1.3330274833513367,-0.1889399771875729,-0.08571688992271767,-0.6277122745785015,-1.0385747644412713,-1.0977621251970406,0.7816568116943878,0.20805976907672294,-1.3233835886260938,-0.8134553204387812,0.006016929190115975,-1.0987972149572356,-1.6325116659989423
34,4100,55,-0.3783106316253309,-0.867676873013996,-0.7836612961375098,-0.844973801065171,-0.17134355406045979,0.44960143907769445,0.9113698004092188,0.01703484187169807,-0.09484535878691201,0.5306181538634841,0.002639473321260854,0.4464345790914661,0.3581403891754813,0.6125530498969481
49,6408,75,0.07925709367934851,0.012544204192919125,0.15457554958110464,-0.2885928819247599,0.8614061931799917,-0.04205732052470541,-0.18659120676503163,1.2632379969775114,-1.2497929358770419,-0.10280094841912382,0.9750488092760702,0.6006836808804094,0.3581403891754813,0.6125530498969481
35,4840,118,0.7910550476884703,-1.3330274833513367,-0.6665102013047234,-1.7906089740186033,-0.14115332886810525,0.44960143907769445,-1.7565250578392297,-1.854952083311673,0.10819887684225446,0.060686441260878146,-0.24004288438780513,0.9894342714136745,0.3581403891754813,0.6125530498969481
58,5285,74,-0.7041618001642567,0.07620224590010746,-0.9610553969776774,0.5368781036420703,0.9886251869582499,-0.22919460362735344,-0.3812772018018639,0.09569733284866454,-0.5696679334896119,1.113250452842285,0.6451483961369349,0.24004471058144863,0.3581403891754813,0.6125530498969481
55,4410,64,-0.19798955093709875,0.07620224590010746,0.17142471130075682,-0.8314593967701951,-0.7230681594635857,0.257019020518055,-0.3812772018018639,-1.6826681864267155,0.35589122750062535,0.8951255085680089,-0.5511929264537687,0.5920935695045492,-1.0987972149572356,0.6125530498969481
46,5400,24,-1.459926785244685,-0.972731667786928,-1.8856391729747428,0.2865138104912053,0.3569790488367386,-0.22919460362735344,-0.9342388053602274,0.25767565625110594,-1.1906916694765612,0.060686441260878146,0.328556812105892,0.6707112839445158,0.3581403891754813,0.6125530498969481
55,3490,66,-1.1563673825857488,0.6270233788095004,-0.9864037673793918,-1.1623087972167594,-0.2574130404925574,0.44960143907769445,0.9567527520563348,0.8746535950171559,-0.6789541283407586,0.4095619963667674,0.35435151159408,0.8832096551423001,0.3581403891754813,0.6125530498969481
20,6643,47,-0.9593874737028985,-3.361268809322709,-1.4918364333182508,-0.026962778119205975,0.31732516147642065,6.05301815688367,-1.3372646171746043,-1.4375163915219222,-2.036203154870672,-2.2835393318336408,1.0192856974959223,-0.5987779015149586,0.3581403891754813,0.6125530498969481
65,3660,67,-0.21565654627162462,0.4228593760746721,-0.3326243613416381,-1.211189781762898,0.24828307838356609,0.7526774068770612,-1.4016057555673218,0.6902976719925955,-0.09484535878691201,0.643318740239679,0.008537990214792795,0.8201549377128529,0.3581403891754813,0.6125530498969481
24,4444,49,0.8593234112091818,-1.7978331880954055,1.1145356649136144,1.7413779548467743,-1.1809047034307898,-0.22919460362735344,-0.41202307055345627,-0.6232192944825511,0.6923240937679691,-2.2835393318336408,-1.6480951708121505,-0.9385880076186986,-1.0987972149572356,-1.6325116659989423
35,3288,50,0.9626252995081637,-1.2041414384332418,1.294511547029418,1.0589431691000166,-1.698189396709275,-2.0483080496073764,1.319933419839818,-0.1356944211524122,1.3783101875984967,-2.2835393318336408,-1.2538849562609649,0.8786328999973011,-1.0987972149572356,-1.6325116659989423
65,3603,51,0.5031971903602833,-1.473054451276509,1.1282306812538574,0.648168461527992,-0.7548184765600304,0.7760362519026188,0.3359295207264105,0.6005650532112241,1.0179463816947247,-4.9125732096554495,-0.7679308655684326,-0.16900382616468737,-1.0987972149572356,-1.6325116659989423
29,3080,58,-2.2669457015162813,-1.473054451276509,-0.6244665158021974,-1.308458762070803,-0.4386758937990879,0.44960143907769445,-1.4016057555673218,-1.2494530951634284,0.33141144399481504,-0.10280094841912382,-3.1134535727710793,0.6268501222619529,-1.0987972149572356,0.6125530498969481
82,4270,74,-0.4429968284369254,1.4457068812376719,-0.7476448154886621,-2.028489116527091,0.4601038015829847,0.44960143907769445,-0.5948985251933547,1.572409762644023,-0.6514933665420358,1.8025827916211208,1.0339755894704978,0.8820972714552059,0.3581403891754813,0.6125530498969481
48,5895,47,-0.4962640449001752,-0.05311907203067916,-0.11291342235414788,-0.2943199092245855,1.4226353908535947,0.44960143907769445,-0.18659120676503163,-0.1356944211524122,-0.2763826353397781,-1.7339083692537995,0.9653310656928498,0.38796716660496344,1.8150779933081982,0.6125530498969481
56,5230,52,-2.0505955623423007,0.25645415555414425,-1.6405464277573576,-0.4982584079537135,0.817596785733177,-1.0385747644412713,-0.7100928488284425,1.467641878959388,-1.2497929358770419,1.0294623131395182,1.4329085405239892,1.2401777652074315,0.3581403891754813,0.6125530498969481
64,5015,73,-1.5395091976309303,0.07620224590010746,-1.510036284834786,-0.23124356768754165,0.10177691395341366,1.0360807079976635,-0.7100928488284425,-0.7494672137091747,-1.5530655010797432,0.643318740239679,-0.22863936856296435,-0.028825733310021237,0.3581403891754813,0.6125530498969481
71,3600,58,-3.1343364701770717,0.5272445442404744,-3.5801190477343208,-2.3777403148239418,-0.31776530316597534,-1.0385747644412713,-0.831740799103585,0.8746535950171559,-1.2497929358770419,-0.1911203270674524,0.6370436045066589,0.9656617045345003,-1.0987972149572356,0.6125530498969481
42,3260,63,-0.5802877255931336,-0.5849046607537626,-0.6014014697757547,0.04846520513052674,-0.1633752172840885,0.44960143907769445,-0.5948985251933547,-0.060091883356808096,-0.7341609556836688,0.34549454598816776,-0.09198372173213068,-1.0612845096904249,0.3581403891754813,0.6125530498969481
37,4750,48,-0.5769514473898469,-2.488799584590381,0.4416361184343688,1.1265120299043916,-0.5667371044636494,-0.04910428867699247,0.9443612941732099,0.01703484187169807,1.7059353653945974,-0.28448920152158647,-1.8433972369198268,0.8201489333345998,-1.0987972149572356,-1.6325116659989423
47,2460,21,-0.28280912822589194,-0.19109950858549485,-0.7276442458726138,-1.7541900886425583,-1.786903830420274,-0.22919460362735344,-0.3812772018018639,-0.8700943318940553,0.7394742565334033,0.7487430981377603,-0.47403504891383386,-1.1166087317951414,-1.0987972149572356,0.6125530498969481
93,6010,87,0.13385363893363678,1.9518471386888563,-0.8210469405406026,-2.789154165730728,1.4902527561246501,-0.22919460362735344,-0.7100928488284425,1.572409762644023,-1.161322711796831,1.5729406861767377,1.6750172127554934,-2.2757898985198928,1.8150779933081982,0.6125530498969481
61,4200,79,0.5355849600909859,0.36877700770497285,0.04075430941373802,-0.08150079528244612,1.5786643424998181,-0.22919460362735344,-0.48548409270739684,1.1635803366973685,-0.9021518863751771,0.9411429344911897,0.8370429157295124,-0.22944557529154153,1.8150779933081982,0.6125530498969481
45,3676,74,-1.2315379498332575,-0.768473675269448,-1.3049380131993689,0.023611289917723172,0.20077512590340488,-1.5119094047906834,-0.5948985251933547,-0.7494672137091747,-0.7619093999483375,0.5306181538634841,-0.14740970669691744,-0.05303934049232307,0.3581403891754813,0.6125530498969481
68,5580,77,0.2778680738960416,0.6270233788095004,0.23050678835802393,-1.065526666446129,1.300729305606375,1.0360807079976635,0.15797762169666751,1.1635803366973685,0.47736869024981116,0.7990089285165864,0.7830642867453493,1.029978601388659,1.8150779933081982,0.6125530498969481
65,3610,73,1.4256960666119673,0.7226458157909567,1.5610453913026743,0.5422245335870924,-0.4916727253520716,1.5536080293455437,0.6158347069844742,0.5124477851823425,0.995020485992735,-0.1911203270674524,-0.27615526546525354,-0.6468901194795014,-1.0987972149572356,-1.6325116659989423
30,3689,46,-0.8223283258418135,-0.6744109272506594,-0.5414843212497517,0.14302848656282782,-0.7780373645702803,0.44960143907769445,0.9567527520563348,-0.9851988400469104,1.0179463816947247,-1.1512760702749985,-2.0233600141211787,0.4577658560167495,-1.0987972149572356,-1.6325116659989423
60,4390,67,-0.449727706517667,0.3133361961439687,-0.5394495289192724,-0.3059236890617398,0.9049763854520162,-0.22919460362735344,1.271398499406051,0.3410143789166372,-0.3026284436876273,0.7990089285165864,0.46473766683990486,-0.06362290807356737,0.3581403891754813,0.6125530498969481
47,4502,75,-0.9543692060010741,-0.6744109272506594,-1.1326827264257664,-0.25794229884583064,-0.010492915918669883,-1.0385747644412713,-0.3812772018018639,-0.35347352257287784,-0.4618260387652622,1.113250452842285,0.09815665301552465,0.009636562299330034,0.3581403891754813,0.6125530498969481
84,5590,91,0.5233485340651253,1.548272359906457,-0.07696291798306465,-1.2789032854925582,1.822698070132443,-0.22919460362735344,-0.3812772018018639,1.0656043502924986,-0.9875453814266576,1.1929497028195202,1.416641000688537,-1.9304617052231974,1.8150779933081982,0.6125530498969481
75,5565,93,0.9944470370214227,1.1106782881401163,0.35328393106914857,-1.4456176595845187,1.91822272865028,-0.22919460362735344,-0.9606431574714017,1.467641878959388,-0.9021518863751771,1.341553066130896,1.3619902426424013,-1.5900235578932915,1.8150779933081982,0.6125530498969481
58,5760,96,-0.11126875844418851,0.3133361961439687,-0.5455671659013944,0.24398810214401248,0.22963581213625453,0.12366360034857365,-0.5948985251933547,-1.2494530951634284,-0.250216479237428,0.2788113855351543,0.057410379160673985,-0.8626395582916185,0.3581403891754813,0.6125530498969481
55,3460,51,0.9793288829315387,-0.12094221917214973,1.1682002487433543,0.8523266270880496,-1.1252436803842232,0.8453735566801786,1.3824926166437281,-0.28237352323745246,0.8097944922590647,-0.10280094841912382,-1.7388292182536402,-0.6048782052698527,-1.0987972149572356,-1.6325116659989423
41,4430,100,-0.6765289411554748,-0.768473675269448,-0.5016046522210059,0.8711509956451351,-0.03298609131842826,-1.0385747644412713,-0.09532026042061388,-1.886083615874445,-0.7341609556836688,0.9411429344911897,-0.5545834559422547,0.2041684664135521,0.3581403891754813,0.6125530498969481
46,5770,83,-0.5095686092726218,-0.05311907203067916,-1.1017269914478578,0.1581348585178636,0.4465041895937315,-0.22919460362735344,-0.3812772018018639,-0.35347352257287784,-0.5155706927336406,0.9411429344911897,0.4350125389199102,-0.4213223821404979,0.3581403891754813,0.6125530498969481
42,5520,43,-1.5333866929483522,-1.0845174670653985,-1.5582463889076321,-0.01159251633041347,0.6264060545068413,0.6339700079371658,1.319933419839818,-0.1356944211524122,-0.930509623619824,-1.515783424979524,0.3762713832594756,0.13954330267853982,0.3581403891754813,0.6125530498969481
61,5620,75,-1.2382646745301185,0.6270233788095004,-1.1760763655527264,1.2201932091694032,0.3055872717085839,0.44960143907769445,-1.0977621251970406,-1.1477182127095475,-0.6241261617099947,0.7990089285165864,-0.32047004302710774,0.21812051274380004,0.3581403891754813,0.6125530498969481
62,4221,72,-0.5178538872860821,0.3133361961439687,-0.08000351020340361,-0.7050979406155996,0.5489673813859551,-0.22919460362735344,-1.4016057555673218,0.5124477851823425,-0.1981197138629203,0.47121122188858366,0.12901315480587983,1.1848306204739671,0.3581403891754813,0.6125530498969481
51,4440,77,-1.1238821908088155,-0.05311907203067916,-0.09413075140728641,0.33024616355550596,0.5438711907586482,-0.6142542982610626,-0.3812772018018639,0.4259346495311623,-0.6241261617099947,0.7990089285165864,-0.382065425063475,0.39029914851815145,0.3581403891754813,0.6125530498969481
53,5250,78,-1.2679716439570874,0.5776799288914051,-1.5775694015178292,0.7004688394881605,0.2392094638614887,-1.2213597712166244,-0.3812772018018639,-0.8104772611976783,-0.6514933665420358,0.2788113855351543,0.29349768312781255,0.4192311744972265,0.3581403891754813,0.6125530498969481
57,5666,64,-0.47220250145561554,-0.05311907203067916,-0.09042291532710996,0.6450701157281971,0.015414767758354089,1.5536080293455437,0.45655088685874945,-0.7494672137091747,0.10819887684225446,0.5879401964775927,-0.9302330411610725,-0.48598644888802983,0.3581403891754813,0.6125530498969481
42,4138,80,-1.05647138424617,-0.5849046607537626,-0.8402833707891114,0.4607340329705107,0.29570076441891063,0.44960143907769445,-0.007652219861956637,-0.5579571392876599,0.03258838544133381,-1.515783424979524,0.12120779395986422,0.4880891657014718,0.3581403891754813,0.6125530498969481
21,4850,76,-2.5007197731273116,-0.972731667786928,-2.9383956523232535,-0.4068894009151481,-0.4386758937990879,-0.6142542982610626,0.15797762169666751,-1.644788026270866,-1.1906916694765612,-0.019012808716357025,-0.5347505512109122,0.6118780883481089,-1.0987972149572356,0.6125530498969481
60,3696,72,-0.8472850332444386,0.3133361961439687,-0.33669286429548506,-0.12711259786288184,0.45874587891499813,-0.6142542982610626,-0.10248534143312404,-0.4230962065588109,-0.5968513856813783,0.8477740600370556,0.17143550280776743,0.9521650893066104,0.3581403891754813,0.6125530498969481
95,6300,95,0.5682668677952473,1.9228546444162875,0.3625519815889437,-1.5075173179698154,1.6654316324864533,-1.0385747644412713,-0.5948985251933547,1.2632379969775114,-0.6789541283407586,1.662881415422127,0.8705549437053127,-1.2389116702046843,1.8150779933081982,0.6125530498969481
88,4298,93,1.3208725805109998,1.8639323064397801,0.9467081108511696,-0.5557012352251401,0.4305803870247933,0.44960143907769445,-0.831740799103585,0.8746535950171559,-0.4618260387652622,0.7487430981377603,0.3160141321194011,-2.112165827001758,0.3581403891754813,-1.6325116659989423
65,4690,69,0.24603682954883918,0.3133361961439687,-0.08673101533214604,-2.789154165730728,1.3525342105578795,-0.22919460362735344,-1.7565250578392297,1.2632379969775114,-0.7341609556836688,1.2689406411191924,1.185473349814688,1.0185684362278289,1.8150779933081982,0.6125530498969481
87,4190,84,0.629749859022245,1.4803479884652575,0.021520290421845337,-2.028489116527091,1.5155334155388727,-0.6142542982610626,-0.007652219861956637,1.3645882269351624,-0.6789541283407586,1.5418252579254095,1.2567633181032156,-1.7358834217545338,1.8150779933081982,0.6125530498969481
65,4180,59,1.5596230735644894,0.3133361961439687,1.7510429714373628,1.1597468245537135,-0.4067939258333332,-0.4559627308877755,0.8415717373866589,0.6005650532112241,1.2669625914791942,-0.9955858819980911,-0.18616967120843977,-0.550743820863166,-1.0987972149572356,-1.6325116659989423
28,3700,37,-1.629496798367674,-1.2041414384332418,-1.1326827264257664,2.002397256363111,-0.44039181156896395,-1.0385747644412713,-0.5948985251933547,0.4259346495311623,0.35589122750062535,-3.1179783991407715,-1.5670561942488423,-1.6580115232056332,-1.0987972149572356,0.6125530498969481
67,3975,76,-0.7552779538873233,-0.19109950858549485,-0.7165718278770374,-0.21828095609480452,0.12399383168105445,-0.22919460362735344,0.45655088685874945,-0.35347352257287784,0.20805976907672294,0.8951255085680089,0.08399334252569947,0.5862181936499963,0.3581403891754813,0.6125530498969481
96,6664,99,1.276954243698066,2.146721081134545,0.5776381223704738,-1.0460501389834256,1.7715240845656424,0.12366360034857365,-2.7257704667256846,1.467641878959388,-2.3461430732055244,0.13667737956055104,2.4351279586924157,-3.1375969968270514,1.8150779933081982,0.6125530498969481
29,3750,45,-1.747314921625007,-0.867676873013996,-0.6222456463585618,-0.38016184372961903,0.1424118724317926,-0.6142542982610626,-0.48548409270739684,-0.4912534379026085,-0.2763826353397781,-0.10280094841912382,-0.5267917223186919,1.3583603739410062,0.3581403891754813,0.6125530498969481
34,3800,42,-1.9528843614414242,-0.5849046607537626,-1.4688665677704167,-0.4103082976918083,-0.8634700462138201,-0.6142542982610626,0.8709122317316627,-0.4230962065588109,-0.4618260387652622,-1.1512760702749985,-0.5605315189733034,1.2523484279958867,-1.0987972149572356,0.6125530498969481
75,4440,55,-0.8237779925771216,0.36877700770497285,-1.2273816009701404,-0.7160770609235252,0.2152318024408838,0.257019020518055,0.4774297526708297,-1.3460179845367914,-0.1981197138629203,-0.601645107695158,-0.000473256948355944,-0.16695541290365903,0.3581403891754813,0.6125530498969481
56,4191,75,-1.0905411484349303,-0.12094221917214973,-0.498681137453415,-0.5101423269626915,-0.18572935851873712,-1.0385747644412713,-0.3812772018018639,-1.1477182127095475,-0.4618260387652622,-0.601645107695158,-0.3843871007626562,0.11108056760492421,0.3581403891754813,0.6125530498969481
93,6300,91,0.5804590678973043,0.9459121453121648,-0.13340928651471148,-0.23124356768754165,1.7909879226128143,0.44960143907769445,-1.7565250578392297,1.1635803366973685,-0.8457496768946355,1.1535860970634626,1.2711007922851882,-1.6157983130368996,1.8150779933081982,0.6125530498969481
70,3700,75,-1.2773003039173505,0.6270233788095004,-1.2233456581650797,-0.844973801065171,0.505111778374698,-0.22919460362735344,-0.5948985251933547,-0.4230962065588109,-0.9875453814266576,0.7487430981377603,0.6459771420828385,1.211300101682098,0.3581403891754813,0.6125530498969481
68,4323,64,-0.0438678903910655,0.5272445442404744,-0.5263297844880813,-1.8724965554839514,1.1662499008712452,0.12366360034857365,-0.831740799103585,-0.4230962065588109,-0.43508339754859443,0.7487430981377603,0.5105421052147789,0.7971031965388506,1.8150779933081982,0.6125530498969481
60,4372,85,0.5601396393132827,0.36877700770497285,0.5971234379331369,0.4211230009713984,0.17364672686546687,0.7526774068770612,1.124639610078442,0.6902976719925955,-2.1376362729688485,0.7990089285165864,2.0252747291991993,1.4211349399703495,0.3581403891754813,0.6125530498969481
55,3700,51,-0.020911496682945112,0.012544204192919125,-0.6876485561141075,-0.6579534341426623,-0.5254906116708954,-1.0385747644412713,-1.7565250578392297,-1.6826681864267155,0.0578612934555406,0.5879401964775927,-1.0777564012720808,-0.2898660653452511,-1.0987972149572356,0.6125530498969481
47,3526,63,-0.46040697571936906,0.1379929544107909,-0.37330691285425166,-0.6094184943270229,-1.0870474873256954,-1.0385747644412713,-1.4016057555673218,-1.9451356052056121,-0.22412911897517096,-2.2835393318336408,-0.07237775097556177,0.3131580071250354,-1.0987972149572356,0.6125530498969481
47,4310,46,-0.5960200611471564,-0.4176946998854468,-0.5949128357559038,-0.0021552485639602073,-0.26558507911415014,0.9249045664655752,0.18968183155468982,-0.9283307329438812,0.18319470580243435,1.231387019584252,-0.550769536746762,-0.2186740742158603,0.3581403891754813,0.6125530498969481
36,3322,54,-1.1379582441334872,-1.2041414384332418,-1.4291736918558133,-0.818238842087875,-0.20875484710447237,-0.6142542982610626,0.3855304303022255,-1.7193887069886764,-0.32895477682173246,0.4095619963667674,0.08191777926244906,1.424546622282759,0.3581403891754813,0.6125530498969481
30,4934,72,-0.9866135757960336,-0.972731667786928,-1.6733950212522217,0.29892581437458726,0.5589200334520982,-0.22919460362735344,-1.7565250578392297,-1.2983753500580535,1.9193527444940255,-0.9955858819980911,0.0691110565685804,0.8261274671015463,0.3581403891754813,0.6125530498969481
99,6070,98,1.4779107069768505,2.3790007091044547,0.7095946834607328,-1.323847012672887,1.923927117956586,0.12366360034857365,-0.18659120676503163,1.572409762644023,-2.789815544024715,1.4777578075468099,2.390678529688829,-3.280237961329974,1.8150779933081982,0.6125530498969481
96,5070,94,0.3580152268773249,2.1197004682084533,-0.15241187603064701,-2.0942242543239864,1.5426189300141848,0.44960143907769445,-0.35900044791982233,1.3645882269351624,-0.48865480430561903,1.3766836801623437,1.5919460065675253,-2.3404118309344693,1.8150779933081982,0.6125530498969481
26,3670,56,-1.0110999426334617,-1.2041414384332418,-1.219324988318777,-0.10937808900060501,0.22723878076167214,-1.0385747644412713,-0.07928282798104949,-1.3460179845367914,-0.2763826353397781,-0.019012808716357025,-0.3100322414741038,0.41104772956565694,0.3581403891754813,0.6125530498969481
48,1880,58,-0.48817243737996924,-0.6744109272506594,0.40763452594341093,0.3013831459239031,-1.7370978529197951,-0.22919460362735344,-0.007652219861956637,-1.199238322126377,0.7864078276084665,-0.28448920152158647,-1.5002259289848485,1.5667146912706456,-1.0987972149572356,-1.6325116659989423
60,4720,81,0.4957182217292332,0.47565884296982625,-0.009864429939377597,-1.7202136946368185,1.4723661123632086,-0.22919460362735344,-1.4016057555673218,1.3645882269351624,-0.5968513856813783,1.341553066130896,0.9201258976381345,0.5319326793254092,1.8150779933081982,0.6125530498969481
80,5020,82,0.19828017696785935,1.265104344999401,0.06930973279957553,-1.2646921583279365,0.9806324705923506,0.12366360034857365,-0.48548409270739684,1.0656043502924986,-0.7341609556836688,0.7487430981377603,0.7575897571055342,0.5684253181280786,0.3581403891754813,0.6125530498969481
68,5000,87,0.5742365084333003,0.4228593760746721,0.01989734488485875,-0.9825675695179338,1.7842852180989537,0.4180956603638323,0.0766966911087716,1.0656043502924986,-0.7065095991630403,1.113250452842285,1.1458296222053965,0.6494450552535861,1.8150779933081982,0.6125530498969481
30,2146,46,-1.2914652580055257,-1.2041414384332418,-0.31573431479780967,-0.21828095609480452,-1.7550331807304491,0.44960143907769445,1.0664517666868942,-1.1477182127095475,0.6449537276656453,0.5879401964775927,-1.934109673878146,1.376655406957988,-1.0987972149572356,-1.6325116659989423
88,3650,61,0.20013129822583486,0.9029060992795953,-0.19448364470228297,-1.1507160945452137,-0.9286569732347445,-0.22919460362735344,1.3740597638377747,-1.6826681864267155,0.0578612934555406,-0.7227012651918747,-0.28749933846352793,-0.3961589310724122,-1.0987972149572356,0.6125530498969481
47,3000,60,-0.6827367501871406,-0.2637884142137961,-0.652671445488024,0.12603424105220834,-0.0924086554972805,-1.0385747644412713,-0.3812772018018639,-0.6870519494859656,0.30686892312721825,1.231387019584252,-0.5703440020070549,1.0009265049786218,0.3581403891754813,0.6125530498969481
19,5500,54,-1.4857398819682557,-2.216819485276004,-1.017346534614075,0.6206251539915161,-0.43581784081008285,0.44960143907769445,0.8415717373866589,-1.973085139428777,-0.3026284436876273,-1.9857151375821298,-1.2665258077667985,1.1357190564059136,-1.0987972149572356,0.6125530498969481
50,2650,87,-0.9543692060010741,0.07620224590010746,-0.623355435302934,-1.0365500942946195,-0.03298609131842826,-0.6142542982610626,1.7964834858513008,-1.3460179845367914,-0.3553625238528725,-0.1911203270674524,-0.3782024853473841,1.2484649534155852,0.3581403891754813,0.6125530498969481
33,3100,42,-0.4449148326110549,-1.3330274833513367,-0.6112181958552241,1.3831200202033824,-0.2438328726773592,-0.6142542982610626,0.3315001805817293,-0.28237352323745246,-0.3818525909118409,-1.515783424979524,0.689445234012911,0.4969246581629162,0.3581403891754813,0.6125530498969481
65,4770,77,0.5077172359754525,0.5776799288914051,0.5630875443092314,0.502111266263199,0.8009475046732774,0.19086001204931075,0.6889587036784993,0.9692990979140862,0.2822630870249347,0.34549454598816776,0.3002601430944217,1.1722336932314659,0.3581403891754813,0.6125530498969481
84,5616,83,0.26895443827496435,1.4803479884652575,-0.47561770960799665,-0.7989304281010343,1.7391323138793,-0.08451552951753769,-1.2141513099902594,1.3645882269351624,-0.9875453814266576,0.5879401964775927,1.2885046737822468,-0.08889222026650136,1.8150779933081982,0.6125530498969481
66,3523,67,-0.8065293710478012,0.5272445442404744,-0.604662472002503,-1.1172801877673055,-0.31776530316597534,-0.22919460362735344,-0.9606431574714017,0.8746535950171559,-0.17218743851993448,0.9411429344911897,0.2555176052756584,1.2355940090922997,-1.0987972149572356,0.6125530498969481
98,5950,97,1.8646283045153276,2.4524439222927676,1.0887936142976542,-1.065526666446129,1.7658040795405283,0.6037806422170824,-0.07396263425773154,1.2632379969775114,-2.6751249263889982,1.3056502891957145,2.2754537212221075,-3.16035409295968,1.8150779933081982,0.6125530498969481
63,4056,78,-0.16157565112194164,0.6270233788095004,-0.6458261345286402,-1.7541900886425583,1.1254133150689962,0.44960143907769445,-1.4016057555673218,1.0656043502924986,-0.8738990280930917,1.3766836801623437,1.2527883447281272,-0.04171452484615041,0.3581403891754813,0.6125530498969481
44,3240,58,1.541664236811932,-0.768473675269448,1.6380494537928891,1.099799046249161,-0.7529427077266194,-0.22919460362735344,0.7203062079769135,-0.28237352323745246,-0.17218743851993448,-0.10280094841912382,0.17312107083464054,-0.414421776926459,-1.0987972149572356,-1.6325116659989423
36,3000,42,0.6632898672156494,-0.6744109272506594,1.1516576654538933,1.438087347374072,-1.2389903799716606,0.44960143907769445,1.271398499406051,-0.4912534379026085,0.03258838544133381,-1.1512760702749985,0.38908148805462595,0.49583358525011534,-1.0987972149572356,-1.6325116659989423
36,2780,38,-1.4320261129623757,-1.2041414384332418,-0.6211371462386561,-0.486589626283788,-1.5626738743393254,-0.013985659270390745,0.45655088685874945,-1.2494530951634284,0.4531942340637835,-1.515783424979524,-1.1842152031968556,1.039447949263229,-1.0987972149572356,0.6125530498969481
42,4800,54,-1.2360171827581907,-0.5849046607537626,-0.6134135048771967,0.03258888578078365,0.30793760446468404,-0.6142542982610626,0.043338678820573046,-1.3460179845367914,-0.06921364143108524,0.20928980457225407,-0.09001309276925232,0.39962898554474113,0.3581403891754813,0.6125530498969481
50,4316,50,0.27702314428229197,-0.768473675269448,0.3941455695230468,1.0284544932615285,-1.1809047034307898,0.7526774068770612,-1.7565250578392297,-0.4230962065588109,0.7394742565334033,-0.488944521318963,-1.1269161023512344,-0.4050276939134156,-1.0987972149572356,-1.6325116659989423
38,3066,76,1.1167770582926193,-0.972731667786928,1.3853860411860024,0.6060656891712539,-1.2717218542471183,-5.026053130396176,0.7573646256868206,-0.7494672137091747,0.5734771377015533,-1.9857151375821298,-1.147935428412037,0.08804652988751521,-1.0987972149572356,-1.6325116659989423
48,3800,82,-1.175139144083297,-0.33923404372499033,-0.7995105832565479,-1.0089401426438158,-0.07163457522029776,0.44960143907769445,0.15797762169666751,-1.094880026424442,-0.6514933665420358,0.643318740239679,0.4756801726046152,1.07763362346218,0.3581403891754813,0.6125530498969481
40,3500,70,-1.1139539295533878,-0.49946894118390567,-0.432955155149951,-1.3559697713457746,-0.30671844717991764,-0.6142542982610626,-1.0977621251970406,-1.4375163915219222,0.8331283179455142,-0.1911203270674524,-0.7598939811964276,0.31091892859546744,-1.0987972149572356,0.6125530498969481
65,4080,59,-0.11790188052693129,0.5272445442404744,-0.32615267296916617,-1.4860814376784817,1.1876735060776515,0.44960143907769445,-0.3812772018018639,0.6005650532112241,-0.2763826353397781,0.47121122188858366,1.3008254746529384,0.22420208315421772,1.8150779933081982,0.6125530498969481
70,4400,81,0.3747622218999592,0.6753287453312369,-0.239405084387578,-0.07522454097749419,0.9585764922158636,-0.22919460362735344,-0.9606431574714017,-0.9283307329438812,-0.2763826353397781,0.4095619963667674,0.3866261378411285,0.10603285279999924,0.3581403891754813,0.6125530498969481
50,4980,64,-0.09490099618311852,0.19803987368047163,-0.5579230498577643,0.25583455751090806,1.116502677554239,-0.6142542982610626,-1.5715860926720169,1.467641878959388,1.7703640987717493,0.13667737956055104,-0.31114770270236086,-0.2020317266026956,0.3581403891754813,0.6125530498969481
46,4765,86,-1.8941016785322635,-0.05311907203067916,-1.4438915936161831,0.16408930983399242,0.44877394394675324,-0.6142542982610626,0.7203062079769135,-0.7494672137091747,-0.6789541283407586,0.13667737956055104,0.15902147165047847,0.6941869296649427,0.3581403891754813,0.6125530498969481
39,3883,63,0.7383528588207291,-1.0845174670653985,0.4489559122187347,-0.005914869171841798,-0.21682050591119023,-0.3034345771957162,0.8142433155442556,-0.5579571392876599,1.1996123641074883,0.8951255085680089,-0.8081301624362779,0.14853550312145522,0.3581403891754813,0.6125530498969481
40,3750,44,0.6140195609681486,-0.768473675269448,0.8778620626670993,0.6149959535553721,-0.5845619581984869,0.257019020518055,1.9631120967193565,-1.973085139428777,0.6449537276656453,-2.2835393318336408,0.9957332416379369,0.49744780298226177,-1.0987972149572356,0.6125530498969481
60,4408,82,-0.7182951228212924,0.36877700770497285,-0.9332751312785159,-1.323847012672887,-0.36004924784599496,1.0360807079976635,0.5922469197566411,0.5124477851823425,0.007245147886748601,1.5418252579254095,-0.11447541444352963,0.6633375234297659,-1.0987972149572356,0.6125530498969481
97,6000,96,1.4700352771647454,2.092417481864056,1.0010473945259883,-0.34509920731959337,1.5961468624002662,0.44960143907769445,-0.663280949444848,1.467641878959388,-2.6751249263889982,0.5879401964775927,2.337072970250597,-1.747649838556899,1.8150779933081982,0.6125530498969481
79,3144,50,-0.2359607120046567,0.9881629366230463,0.7182213961288431,0.36028690596352597,-1.386749846679481,-0.6142542982610626,0.9432314873842013,-0.4912534379026085,1.2893215220075742,-2.2835393318336408,-1.2383371159666892,1.7214721572963374,-1.0987972149572356,-1.6325116659989423
74,3840,67,-0.8668309666130591,1.1501937769220454,-1.4739299977962441,-1.2789032854925582,0.13873519495560938,-0.4173081667300912,0.07006481888184858,-0.1356944211524122,-0.09484535878691201,1.4110746470937963,-0.30187315452133423,0.668613286832959,0.3581403891754813,0.6125530498969481
56,3450,53,-1.0307954322663384,0.6753287453312369,-1.602910498094004,-1.658361763019646,0.2523356229466301,-1.7179143530235432,-1.184453961244388,0.4259346495311623,-0.8738990280930917,0.7487430981377603,0.3206331775576805,0.433895064555637,0.3581403891754813,0.6125530498969481
50,4600,68,0.10388999088653364,-0.768473675269448,0.48965425628068193,0.04671874992599485,-1.0639992251026387,0.44960143907769445,0.19439905273478492,-0.28237352323745246,1.0179463816947247,-0.488944521318963,-0.01927016515790758,-0.922395611942736,-1.0987972149572356,-1.6325116659989423
66,6200,94,0.9815060205636008,0.36877700770497285,0.46494009280422277,0.7487868149099581,1.1184412991582744,1.0360807079976635,-0.18659120676503163,0.6902976719925955,0.30686892312721825,0.696881263144984,0.697865876573699,-0.3231973409569424,0.3581403891754813,0.6125530498969481
16,2550,24,-0.09619928971790938,-3.361268809322709,0.3471638909019998,0.39241310921738526,-0.8939510962294311,-1.5119094047906834,-0.9185501864861576,-0.4912534379026085,0.30686892312721825,-0.9955858819980911,-0.5196990371918846,-0.10649827794002265,-1.0987972149572356,-1.6325116659989423
36,4200,22,-0.17496744382508705,-0.972731667786928,-0.6200299322211625,-0.8314593967701951,-0.13693542017306337,-0.22919460362735344,0.5922469197566411,-1.4375163915219222,-0.3553625238528725,-1.1512760702749985,-0.14605322917052546,0.5428819964548772,0.3581403891754813,0.6125530498969481
52,3200,69,-0.12257490945753216,-0.4176946998854468,-0.3407797764203208,-1.1623087972167594,-1.4951709333147079,-0.22919460362735344,1.211789924601134,-1.3460179845367914,1.0179463816947247,-1.1512760702749985,-2.4718618470582436,-1.6484275928622691,-1.0987972149572356,0.6125530498969481
74,4140,57,0.1762262516867256,0.8144962912549336,0.0056988844672607,-0.22863103763749487,0.8998852924398955,1.302364976162053,0.45655088685874945,0.6902976719925955,-0.8738990280930917,-1.515783424979524,0.15078792086873727,0.4392729146294929,0.3581403891754813,0.6125530498969481
89,2494,66,0.656850969824075,0.9459121453121648,1.462808333004516,2.4745436931188647,-0.9627278894606838,1.5536080293455437,1.9689570413863668,1.2632379969775114,0.007245147886748601,0.060686441260878146,-0.6267762699137801,-0.8031542280179284,-1.0987972149572356,-1.6325116659989423
44,4865,68,-0.14563093150753567,-0.2637884142137961,-0.21772830223232525,0.701912432828415,-0.5181751764708661,-1.0385747644412713,-1.2442682362821473,-0.5579571392876599,0.8564097284492161,-0.9955858819980911,-0.8033014820882721,0.04183256314276985,-1.0987972149572356,0.6125530498969481
90,4060,58,1.728587826349777,1.265104344999401,1.8704183707515032,1.5983343951762778,-0.9352456267250219,0.44960143907769445,-0.3409403117181039,0.6005650532112241,2.1082507547381426,-0.3835201634208818,-0.4073745513980454,-0.01135839923736634,-1.0987972149572356,-1.6325116659989423
49,4100,62,-1.7101084603203387,-0.5849046607537626,-0.700797958261488,-0.00028299503473837014,-0.4130343485689788,-1.5119094047906834,0.45655088685874945,-1.5654940694465738,1.7703640987717493,0.34549454598816776,-1.8685105713323809,0.646195430686714,-1.0987972149572356,0.6125530498969481
55,6965,80,0.8681210193534834,0.36877700770497285,0.8722393046648061,1.081643693841068,0.9676129215119171,0.44960143907769445,0.7634831066448203,1.3645882269351624,0.1332649014169342,-0.488944521318963,0.6249074219775383,-0.4261092577655102,0.3581403891754813,0.6125530498969481
35,3320,46,0.6921779864161494,-0.5849046607537626,0.6812234447459483,0.23463867832854768,-1.0981130973723547,-0.22919460362735344,1.5485627321158653,1.3645882269351624,1.244558309119232,-1.7339083692537995,-2.0701164426365786,0.5014095281723605,-1.0987972149572356,-1.6325116659989423
38,3138,43,0.10388999088653364,-0.867676873013996,0.5359296888729641,0.16408930983399242,-1.2245501271253267,-1.0385747644412713,1.486760856988775,-0.4230962065588109,1.244558309119232,-1.3233835886260938,-1.5505043844885618,1.1700368797121874,-1.0987972149572356,-1.6325116659989423
49,4400,83,-1.0435462405115858,-0.12094221917214973,-0.3775625995999124,-0.2055624924000638,-0.07163457522029776,0.44960143907769445,-0.3812772018018639,-0.8700943318940553,0.25759334859915606,-1.3233835886260938,-0.8047488519335871,0.4791001834075319,0.3581403891754813,0.6125530498969481
72,4040,60,-0.6691344177312007,0.3133361961439687,-0.8871538761426646,-0.9331033091060889,0.11536894877650877,-0.04910428867699247,0.22869245575137204,-0.28237352323745246,-0.3553625238528725,1.0294623131395182,0.8002943200091458,0.2662550169041441,0.3581403891754813,0.6125530498969481
14,4630,51,1.0514043034910132,-2.488799584590381,-0.01945550672560395,0.8505387244489474,0.7800439559719657,-0.22919460362735344,-0.831740799103585,-1.5240531582747878,0.9028169700855416,-0.28448920152158647,-0.7655636679883738,0.782501161036982,0.3581403891754813,0.6125530498969481
54,3340,62,-0.563726866101609,-0.2637884142137961,-0.4928614722387831,-1.0960209047484508,-1.3494360195153279,0.44960143907769445,0.5922469197566411,-0.4230962065588109,0.5495374102901839,-0.601645107695158,-0.9333182452525293,-0.915841858318429,-1.0987972149572356,0.6125530498969481
87,3670,54,-1.5273022559073224,1.3022664532279353,-1.1071234222155615,-0.9740319705249556,-0.007435867506012867,0.6339700079371658,0.862734590826136,-1.392393977623881,-0.9021518863751771,-0.488944521318963,-0.10319314240015523,0.3059658758233021,0.3581403891754813,0.6125530498969481
82,4048,82,0.2723610620551552,1.4803479884652575,0.24667805738813303,-0.40010470410549714,0.8051159245144573,0.44960143907769445,0.0766966911087716,1.1635803366973685,-0.09484535878691201,0.5879401964775927,1.0057172446952274,1.060444042664282,0.3581403891754813,0.6125530498969481
57,4280,65,0.39229357267610265,0.012544204192919125,0.3689042383154265,0.4686066011038409,0.2559079680595297,-0.22919460362735344,0.28219421599902045,-1.7193887069886764,-0.14633148248231995,-0.10280094841912382,-0.23504486542666625,0.18653891637903583,0.3581403891754813,0.6125530498969481
36,4270,29,-0.3545507039165951,-0.4176946998854468,-0.1510879264621979,0.0656958882796683,-0.4731503524789698,-0.22919460362735344,-1.7565250578392297,-1.4375163915219222,0.33141144399481504,-0.7227012651918747,-1.158237545558772,0.6183974424547377,-1.0987972149572356,0.6125530498969481
39,4820,74,-0.8532556531005214,-0.33923404372499033,-0.37330691285425166,-0.1663968709524976,-0.11696450190027456,-0.22919460362735344,-0.18659120676503163,-0.9851988400469104,1.4665986044009738,0.47121122188858366,-0.5987858574876502,0.35694011234008743,0.3581403891754813,0.6125530498969481
52,4130,52,-0.6630173945723598,0.19803987368047163,-0.4035224424155572,-1.1741414143251225,0.6046150057754334,-1.0385747644412713,-0.2817874147283941,-1.644788026270866,-0.09484535878691201,0.20928980457225407,-0.4526188545764744,1.0235853733493756,0.3581403891754813,0.6125530498969481
29,4840,46,1.1253053607527035,-0.49946894118390567,1.4137004420427626,1.7290982563907469,0.2152318024408838,0.32217442668206625,-0.2817874147283941,1.2632379969775114,1.2893215220075742,-1.515783424979524,-0.6140424091913022,0.12468386128809128,0.3581403891754813,-1.6325116659989423
71,6328,72,1.4057847910470762,0.7690207208177235,0.9903206737845084,0.9987618010283333,1.5698984641807798,1.0360807079976635,-0.48548409270739684,0.9692990979140862,-1.773888167063639,-0.3835201634208818,1.267433378304887,-0.7083504754111445,1.8150779933081982,0.6125530498969481
55,3950,55,-0.7688527199590247,0.36877700770497285,-0.6068427004438894,-1.1172801877673055,-0.4963183013983417,0.12366360034857365,-1.5715860926720169,-0.4230962065588109,-0.14633148248231995,0.5879401964775927,-0.30891746774800555,1.4033456118422496,-1.0987972149572356,0.6125530498969481
93,7131,95,1.6902600086630686,1.9518471386888563,1.0484267574817552,0.1181736923017121,1.716734178427812,0.8682441955198137,0.7203062079769135,0.8746535950171559,-1.9036274414904173,0.5306181538634841,1.7805025396805645,-3.3176721892955356,1.8150779933081982,0.6125530498969481
99,4438,70,1.4017407152552863,2.4281680076898295,1.3331425782794764,0.43148156950958727,-0.9988301697961284,1.5291092793798162,-0.07042289926805698,0.8746535950171559,1.2893215220075742,0.8477740600370556,0.7080258151654275,-1.1515141114002445,-1.0987972149572356,-1.6325116659989423
24,2655,34,0.7785995634614423,-1.3330274833513367,1.2603055537139527,2.4501898039842005,-0.9142072820709761,1.1445230675700342,2.258646405217349,0.6005650532112241,1.222108344767349,-0.9955858819980911,-0.21695551051769296,-0.8825170324457351,-1.0987972149572356,-1.6325116659989423
52,3950,76,-1.5212554318138118,-0.972731667786928,-0.5725458726418119,0.5554281226120905,-0.2033874093771219,-0.22919460362735344,-0.831740799103585,-1.392393977623881,-0.43508339754859443,0.5306181538634841,-0.36934851303853716,0.41183507966591365,0.3581403891754813,0.6125530498969481
78,4328,83,0.7314906758512101,0.9459121453121648,0.04916275851849312,-1.1393532694354787,1.9917016387042779,-0.22919460362735344,-1.7565250578392297,1.1635803366973685,-0.4618260387652622,0.7990089285165864,1.2641498131369673,-0.41606741572587574,1.8150779933081982,0.6125530498969481
27,2985,36,-0.9071947257815042,-1.2041414384332418,-0.9121840671987419,0.6968480623799264,-1.1252436803842232,-0.006996591595906965,0.8767356419673201,-2.314801516396056,3.0128636091375527,-2.2835393318336408,-0.93177505632177,-0.05163767264256884,-1.0987972149572356,0.6125530498969481
67,4450,69,0.14673579591875785,0.4228593760746721,0.30674345795441105,-0.08150079528244612,0.7124516289319573,0.44960143907769445,1.4597682931085838,0.6902976719925955,0.20805976907672294,0.7990089285165864,0.32088939753814905,0.4158356487607785,0.3581403891754813,0.6125530498969481
54,4070,66,-0.8443140041897268,0.07620224590010746,-0.5153701039938592,-1.2240971271106291,0.538546706109194,-1.0385747644412713,-0.007652219861956637,0.01703484187169807,0.0830645638304953,0.7990089285165864,0.23483457106998754,0.6213978929649402,0.3581403891754813,0.6125530498969481
51,3730,72,-1.2773003039173505,0.1379929544107909,-0.790234196338998,-0.4312059738755724,-0.13166966162554308,0.44960143907769445,0.043338678820573046,-1.5240531582747878,-1.0739217798372562,1.3766836801623437,0.49458613295992027,1.0412427498106844,0.3581403891754813,0.6125530498969481
64,6174,77,-0.3196313028486059,0.8591123720558881,-0.8727169131899647,-0.844973801065171,1.2309708053941073,-0.22919460362735344,-0.007652219861956637,0.6902976719925955,-1.2795288599936459,0.8951255085680089,1.491924130472861,-0.27607380039393836,1.8150779933081982,0.6125530498969481
46,3670,64,-1.0527604281168035,-0.4176946998854468,-1.274927884090176,-0.6529279200826904,-0.2552368701838875,-2.0483080496073764,-0.3812772018018639,-1.392393977623881,0.35589122750062535,0.47121122188858366,0.38244317514841314,0.23191871024746238,0.3581403891754813,0.6125530498969481
41,3100,47,-1.0398855625898908,-0.768473675269448,-0.6829109540471304,1.326024651624655,-0.21682050591119023,0.12366360034857365,-0.6402474519365877,-1.2983753500580535,2.211956120304136,0.34549454598816776,-1.1900316309135355,-0.00667822928883494,0.3581403891754813,0.6125530498969481
60,3800,57,1.0477411832702817,-0.2637884142137961,1.3072437220514952,1.4319224288770396,-1.129437743026696,-0.22919460362735344,-0.3812772018018639,-1.0407110988557453,1.5760036933158947,-1.1512760702749985,-1.5340737192801304,0.03834886055545697,-1.0987972149572356,-1.6325116659989423
20,2700,76,-0.6990756244101037,-1.626781013821947,-1.4414249072737342,-1.186224667229641,0.43741250359800693,-1.0385747644412713,-0.7100928488284425,0.09569733284866454,0.03258838544133381,0.34549454598816776,-0.7387771668507078,0.3958969016832701,0.3581403891754813,0.6125530498969481
31,3770,39,-0.9477196186556396,-1.2041414384332418,-1.2113290489984967,-0.044669902510998914,-0.430108505965122,0.12366360034857365,0.15797762169666751,-0.1356944211524122,-0.22412911897517096,0.7487430981377603,-0.1521656662385521,0.4460420182607379,-1.0987972149572356,0.6125530498969481
46,4530,60,-1.1258803468589633,-0.2637884142137961,-0.9928406465373614,-1.065526666446129,0.09558300522426577,-1.0385747644412713,-0.831740799103585,-1.2983753500580535,0.10819887684225446,-0.28448920152158647,-0.061688638380005656,0.08091888041917393,0.3581403891754813,0.6125530498969481
91,4618,83,0.21887920193087035,1.4803479884652575,-0.3506643895415159,-1.3559697713457746,1.2498296281827272,-1.0385747644412713,-2.1844360203854483,0.8746535950171559,-1.1906916694765612,1.6334479958237178,1.7237140634499122,-0.44698843547303196,1.8150779933081982,0.6125530498969481
88,3048,100,0.40220327870658373,1.514531847671769,0.17905060242717794,-1.2789032854925582,-1.4545982956336498,-0.04910428867699247,-2.4371388855855125,-1.094880026424442,1.0864302146786262,-0.10280094841912382,-1.607565589490082,-2.0496912780215544,-1.0987972149572356,0.6125530498969481
44,5160,65,-0.27801207478851087,-0.4176946998854468,-0.2890440563340105,-0.07522454097749419,0.7976098294365102,-0.6142542982610626,-0.2817874147283941,0.3410143789166372,0.4289597985788314,0.696881263144984,0.2042702485448557,0.8839184775303086,0.3581403891754813,0.6125530498969481
72,3600,80,0.05499965685527724,0.6753287453312369,0.20885524428698748,-1.0960209047484508,0.9454905754324342,-1.0385747644412713,-1.0977621251970406,0.6005650532112241,-0.3553625238528725,1.7481273960002646,0.4090709791338605,0.4318622800268725,0.3581403891754813,0.6125530498969481
56,5550,96,-1.4292795810578283,0.36877700770497285,-1.0857037011407664,0.7955700857193758,0.26304304288094843,-0.22919460362735344,-1.7565250578392297,-2.0259049331637793,-1.7100169908089125,0.20928980457225407,-0.31822830099276933,-0.8383385077154618,0.3581403891754813,0.6125530498969481
82,5050,91,0.6108944514574587,0.8591123720558881,-0.12310064119825011,-1.4654695858923672,1.9491090666190474,-2.0483080496073764,-0.831740799103585,1.2632379969775114,-1.161322711796831,1.8025827916211208,1.6098052606303153,-1.2182453776018507,1.8150779933081982,0.6125530498969481
73,4194,65,-0.449727706517667,0.5776799288914051,-0.32695909859884575,-0.7105632497995541,0.7657705861943107,-0.6142542982610626,-1.5715860926720169,0.9692990979140862,-0.22412911897517096,0.8477740600370556,0.500532165855433,0.49760016172075866,0.3581403891754813,0.6125530498969481
40,4773,69,-0.6533140242438525,-0.2637884142137961,-0.7451222077256712,-2.789154165730728,0.7586158531116008,0.8108421981673638,-1.4016057555673218,1.3645882269351624,-0.14633148248231995,1.6034744834472257,0.8925153057161329,0.2810843054601317,0.3581403891754813,0.6125530498969481
63,3518,70,1.3280571656019333,0.07620224590010746,0.8512802515546801,0.5151068467870735,-0.7802418840968481,0.44960143907769445,1.0664517666868942,-1.1477182127095475,0.03258838544133381,-1.1512760702749985,-0.5966162551681812,-1.5223635376373355,-1.0987972149572356,0.6125530498969481
65,3485,64,-0.449727706517667,0.5272445442404744,-0.6503842442510744,-1.6883580068917188,-0.4673816430927015,-0.22919460362735344,-0.007652219861956637,0.17590711389826053,-0.8738990280930917,0.47121122188858366,0.2407711048705286,0.5787408465103001,-1.0987972149572356,0.6125530498969481
40,2980,38,-1.2160235586862245,-0.5849046607537626,-0.3245419831399542,-0.005914869171841798,-1.0629709897256059,1.0360807079976635,1.211789924601134,-0.20978440474634713,-0.043655143285563025,-0.9955858819980911,-0.4858582682422018,1.095136728562224,-1.0987972149572356,0.6125530498969481
75,3528,73,0.061534714056522014,0.6270233788095004,0.5083323315687016,-0.28291456787342517,-1.347937698152823,1.0360807079976635,-0.5725728835992011,-0.35347352257287784,0.9259436201670271,1.0294623131395182,-0.7429823905702062,-0.8595261174749087,-1.0987972149572356,0.6125530498969481
49,4780,73,0.23855423871085646,-0.12094221917214973,-0.24822668263438888,-0.9410669533097701,1.5751599681039905,-0.22919460362735344,-1.0977621251970406,0.4259346495311623,-0.4084259016153437,0.7990089285165864,0.7766434974014551,0.5523788885499915,1.8150779933081982,0.6125530498969481
100,6410,100,1.86903849118265,2.4524439222927676,1.169437759529532,-0.03281519843815528,1.748095854789754,-0.22919460362735344,0.9791134641443652,1.3645882269351624,-1.0739217798372562,1.5729406861767377,2.67530261111106,-4.0186533872995085,1.8150779933081982,0.6125530498969481
100,6690,100,-0.14838336820690123,2.570900058930502,-1.2014181888893445,-2.1706909080364514,1.5311313223741758,1.0360807079976635,-0.5948985251933547,1.6789026453905742,-1.5841549225823564,1.3766836801623437,1.9321625099967947,-2.255177610502869,1.8150779933081982,0.6125530498969481
52,3272,52,-0.6533140242438525,-0.12094221917214973,-0.7578008556512424,-1.2508324265266677,-0.14326405507782955,-0.22919460362735344,0.9589986053345012,-1.199238322126377,-0.22412911897517096,-0.1911203270674524,-0.37434767087137394,0.8139445512261274,0.3581403891754813,0.6125530498969481
87,3195,63,-0.6461031505349152,1.338890288558631,-0.7338504648461321,-2.0942242543239864,-0.2984550083699909,-0.22919460362735344,-0.007652219861956637,1.572409762644023,-0.1981197138629203,0.47121122188858366,0.05258640844253267,0.878417484592369,0.3581403891754813,0.6125530498969481
66,4700,79,-0.5367762845676514,0.6270233788095004,-0.5333714638444965,-1.186224667229641,0.2843718631066613,-1.0385747644412713,-0.9606431574714017,-0.1356944211524122,-0.48865480430561903,0.7487430981377603,0.9565419713728878,0.4275575234921063,0.3581403891754813,0.6125530498969481
66,4560,79,-0.5346542711234586,0.7226458157909567,-0.6781964875177117,-0.12711259786288184,0.9337804705115147,-1.0385747644412713,-0.3812772018018639,1.1635803366973685,-0.8738990280930917,0.8951255085680089,0.8753278375047303,0.29756461234263887,0.3581403891754813,0.6125530498969481
53,5841,79,0.47119420073080576,0.07620224590010746,-0.03433766964460313,-2.1706909080364514,1.8391379214436463,0.44960143907769445,-1.4016057555673218,1.572409762644023,-0.4618260387652622,1.0294623131395182,1.0216659603108964,0.18538863667211378,1.8150779933081982,0.6125530498969481
63,5920,60,1.3568330579158876,0.07620224590010746,1.1314600668627195,0.936957070613669,0.403136443583273,2.4385556137203848,-0.3812772018018639,0.6902976719925955,0.007245147886748601,-0.9955858819980911,0.4534813113725932,0.2855543988990511,0.3581403891754813,0.6125530498969481
58,5515,72,-0.9577117377063573,0.1379929544107909,-0.9548158539550062,-0.8874268200608982,0.81136092042319,-0.22919460362735344,-0.7100928488284425,0.7816568116943878,-0.7341609556836688,1.44475647114785,1.1596083388245388,0.5463250081516874,0.3581403891754813,0.6125530498969481
64,6040,72,-0.8079545962346025,0.6753287453312369,-1.0963584006614737,0.1070210746282918,0.912093837816943,-0.6142542982610626,-1.126270593963158,0.5124477851823425,0.1332649014169342,0.8951255085680089,0.9220039712349747,0.4174558396557439,0.3581403891754813,0.6125530498969481
69,4341,72,0.056638025513930636,0.7226458157909567,0.2998637950833216,-0.2972019675334946,0.5551629604043432,-0.49497723450763653,-0.18659120676503163,-0.060091883356808096,-0.3553625238528725,1.1535860970634626,0.25043859533513013,0.8115858587319998,0.3581403891754813,0.6125530498969481
70,3550,67,-0.5064809912849563,0.36877700770497285,-0.45868846448416006,-1.4264688673004153,0.015414767758354089,-0.22919460362735344,0.45655088685874945,0.6902976719925955,0.2822630870249347,0.34549454598816776,-0.07302771101305125,0.5531118472840987,0.3581403891754813,0.6125530498969481
47,3920,44,-0.9477196186556396,0.1379929544107909,-1.4588087077045104,-0.5910032316073235,-0.5021337567822785,-0.22919460362735344,-0.18659120676503163,-0.6870519494859656,-0.6514933665420358,-1.1512760702749985,-0.23789916074291384,0.7369295938302606,-1.0987972149572356,0.6125530498969481
46,3920,47,-1.254146370193046,-0.2637884142137961,-1.5915774758256045,-1.1741414143251225,0.005275697146182746,-2.0483080496073764,0.15797762169666751,-0.4230962065588109,-0.5425747226939661,0.4095619963667674,0.2984422992525458,1.419147976191603,0.3581403891754813,0.6125530498969481
9,3090,21,-0.9610662035097874,-2.488799584590381,-1.9002758131524227,-0.9252445141562533,-0.749194228132909,0.44960143907769445,0.8883383994576435,-2.1608178322808573,-0.250216479237428,-2.2835393318336408,0.24104042973052642,-2.8474020296489657,-1.0987972149572356,0.6125530498969481
30,4000,84,-0.7743388082826737,-1.2041414384332418,-0.7375932590248222,0.48314881528904363,-0.5845619581984869,-1.5119094047906834,0.45655088685874945,-1.9451356052056121,1.8769734548205472,-2.2835393318336408,-1.6316540420110204,1.0534737073450047,-1.0987972149572356,0.6125530498969481
47,4348,75,-0.9493776062444964,-0.12094221917214973,-0.44757193185112876,0.2776982439626949,0.1424118724317926,0.7526774068770612,0.45655088685874945,0.7816568116943878,-0.5968513856813783,0.643318740239679,-0.029063686328034313,1.1723578085846902,0.3581403891754813,0.6125530498969481
63,3850,52,-0.5648216285901043,0.25645415555414425,-0.7915540595069023,-1.3900837948934839,-0.5108746975091973,0.44960143907769445,-0.3812772018018639,-0.4912534379026085,0.4289597985788314,0.696881263144984,-0.36934851303853716,0.9073273407307345,-1.0987972149572356,0.6125530498969481
77,4620,56,0.08031965650631273,0.9459121453121648,0.031726624149910856,0.4021067495915114,1.0303484290494733,-0.22919460362735344,-1.0977621251970406,0.5124477851823425,-0.4084259016153437,0.47121122188858366,0.9913621641935625,0.18746962105306514,0.3581403891754813,0.6125530498969481
35,3403,54,1.4869507939193287,-1.2041414384332418,1.7533015951286641,1.1573001249387034,-0.5848598009901799,0.034698603474753516,1.6383252858457646,0.17590711389826053,1.6627857007207905,-0.28448920152158647,-1.2134582313363929,0.1652740196779676,-1.0987972149572356,-1.6325116659989423
86,4090,83,0.5848755405025664,1.4457068812376719,-0.01945550672560395,-1.4860814376784817,0.9926160534748453,-1.0385747644412713,-1.2442682362821473,0.8746535950171559,-0.250216479237428,0.8951255085680089,0.3341560937767528,-2.0878125246233195,0.3581403891754813,0.6125530498969481
44,5364,69,-1.7978651869723732,-0.5849046607537626,-1.5747885639187171,0.91249681104457,0.017945366784329685,-0.22919460362735344,-0.3812772018018639,-1.1477182127095475,-0.7065095991630403,0.8477740600370556,-0.38593651828885855,1.340746742658845,0.3581403891754813,0.6125530498969481
49,4689,95,-0.30966301556478515,-0.5849046607537626,-0.09847686934028844,0.32313609642623936,-0.2874658280935898,1.302364976162053,1.7767874411037192,-0.8700943318940553,-0.6514933665420358,0.13667737956055104,-0.9245890040821794,0.3411270139892513,0.3581403891754813,0.6125530498969481
31,3706,40,1.1262137276861754,-1.2041414384332418,1.3389780240769225,1.207221274879032,-0.8660535182544824,0.44960143907769445,1.5485627321158653,-0.4230962065588109,0.6686666659070798,-1.3233835886260938,-0.5097311210926452,0.642048216808413,-1.0987972149572356,-1.6325116659989423
72,3990,68,2.0119006137631326,0.07620224590010746,2.0323037151958476,1.4603202557412676,-0.041712170350209236,0.44960143907769445,1.0664517666868942,0.5124477851823425,1.727450787505049,0.34549454598816776,0.08191777926244906,0.3501047378521804,0.3581403891754813,-1.6325116659989423
48,3782,34,-0.7579770365491026,-0.2637884142137961,0.277674226724973,0.4841083661413631,-0.18733119622175154,1.0360807079976635,-0.3812772018018639,-1.7193887069886764,5.213212513282407,-0.3835201634208818,-0.6985862721727818,-1.1660322663162306,0.3581403891754813,0.6125530498969481
33,6790,66,1.0008405719802924,-0.867676873013996,0.7069192316736063,0.986774164535995,0.18868731168658587,0.257019020518055,-0.09532026042061388,0.09569733284866454,0.525539763472362,-0.488944521318963,-0.0992285976201901,-0.17237995430517436,0.3581403891754813,0.6125530498969481
59,3224,65,1.4622764189223336,0.1379929544107909,1.8628468488356875,1.1119706790254364,-0.6598175891537094,0.6937277127016955,1.124639610078442,0.5124477851823425,1.2669625914791942,0.20928980457225407,0.0010838209118694353,0.9118482155518141,-1.0987972149572356,-1.6325116659989423
52,6192,75,1.337496771085732,-0.05311907203067916,1.0108856544435574,-0.4312059738755724,1.0053623407269028,0.6579715733731375,-0.3812772018018639,-0.20978440474634713,-0.6241261617099947,0.4095619963667674,0.3858887802548016,0.0975052704350114,0.3581403891754813,0.6125530498969481
72,4544,98,1.6981400736744259,0.47565884296982625,1.4229680435778835,0.5169452389445929,-0.5272485502066548,-0.22919460362735344,-1.0090033260641154,-0.060091883356808096,0.9720449849419147,0.643318740239679,-1.434690226242022,-1.8775675127115103,-1.0987972149572356,-1.6325116659989423
41,3050,54,-1.2050938203345254,-0.768473675269448,1.4446589589039147,-0.9098301087399321,-0.6385830315005429,-1.0385747644412713,-2.1844360203854483,-1.644788026270866,0.7629678942848166,0.13667737956055104,-3.3525774242454416,0.8279504779719628,-1.0987972149572356,0.6125530498969481
30,4800,26,0.5571094015963325,-1.2041414384332418,0.6867583438378482,0.9601733636324574,-1.996145086481559,-1.0385747644412713,0.45655088685874945,-0.9851988400469104,0.25759334859915606,-0.9955858819980911,-0.01549415709420524,-1.8073472917499656,-1.0987972149572356,-1.6325116659989423
53,3672,75,-0.9527023898514454,0.012544204192919125,-0.7251727925500134,-0.7272538841097257,-1.0295573619161016,-1.0385747644412713,0.23641393778204187,-0.9283307329438812,-0.14633148248231995,-0.019012808716357025,-0.09560237440084632,-0.5272200988545818,-1.0987972149572356,0.6125530498969481
57,5550,89,0.37626843104435376,0.19803987368047163,0.5199550357387706,0.09569071633753531,0.42601925753919184,0.44960143907769445,-1.9594513468010926,0.6902976719925955,0.15826329539749684,0.5879401964775927,-0.22544524127610763,0.8448444202640208,0.3581403891754813,0.6125530498969481
94,6740,90,1.4669018009650459,2.064866071252274,0.6266647980513351,1.0464170386782825,1.8010243793763914,-0.22919460362735344,-0.3013291939537432,1.3645882269351624,-3.368264127883562,1.0718935453228027,3.108130276017775,-2.314630581478578,1.8150779933081982,0.6125530498969481
13,4690,36,-0.6342094485939099,-2.488799584590381,-0.44573211413542213,0.014517362745066114,-0.6277122745785015,-0.22919460362735344,-1.324627391081862,0.7816568116943878,0.1332649014169342,-0.3835201634208818,-0.697672014633064,0.38224499249865346,-1.0987972149572356,-1.6325116659989423
30,4554,56,-1.6328680933613913,-1.2041414384332418,-1.4243111611824886,-0.9410669533097701,-0.1332486173638105,-0.22919460362735344,0.7203062079769135,-1.5654940694465738,-0.8738990280930917,0.696881263144984,-0.18964120311044533,-0.12579620169026018,0.3581403891754813,0.6125530498969481
55,4460,80,-0.45069336043131636,0.6753287453312369,-0.5938356927536875,-1.1741414143251225,1.089272315915407,-0.6142542982610626,-2.0914770740150415,1.3645882269351624,-0.3026284436876273,1.0294623131395182,0.8579254784571593,0.7332781921928017,0.3581403891754813,0.6125530498969481
55,3120,54,1.1589707698934746,0.07620224590010746,1.7200285066603578,1.314263708837389,-0.8329406479372058,0.44960143907769445,1.0664517666868942,0.3410143789166372,1.109161442390268,0.20928980457225407,-0.9108018261537892,-0.36664702724720666,-1.0987972149572356,-1.6325116659989423
40,3250,68,-0.9797328219317022,-0.5849046607537626,-1.6317497499030567,-0.1663968709524976,-0.4101964618018934,-0.22919460362735344,0.3122051961280074,-1.5654940694465738,-0.3818525909118409,-0.488944521318963,-0.7109709598010424,1.5597877480467763,-1.0987972149572356,0.6125530498969481
19,4157,61,0.6054687712860036,-1.991623129577312,0.604878279725936,0.547533550641871,-0.5637749949193023,-0.22919460362735344,-0.09532026042061388,-0.6232192944825511,0.5495374102901839,-0.601645107695158,-0.8739904057177789,0.2502935284824449,-1.0987972149572356,-1.6325116659989423
49,4150,62,-0.9883416514249677,-0.2637884142137961,-1.18575138999386,-0.6141072663851711,-0.5254906116708954,-0.22919460362735344,0.15797762169666751,-1.094880026424442,-0.6789541283407586,0.7990089285165864,-0.4842230257759462,0.7081167043639434,-1.0987972149572356,0.6125530498969481
75,3690,88,0.2937651679720222,1.0296888476949615,-0.26237602409833405,-2.789154165730728,1.8739898195901719,1.302364976162053,-1.8353370255996986,1.1635803366973685,-0.7341609556836688,1.3766836801623437,1.1752178457107427,-0.35119791795379873,1.8150779933081982,0.6125530498969481
43,4550,51,-1.2293061614043843,-1.2041414384332418,-1.0475479310975058,-1.0460501389834256,-0.08460505394541408,0.44960143907769445,-0.9606431574714017,1.0656043502924986,-0.14633148248231995,1.2689406411191924,-0.18166686350770186,0.54103066925182,0.3581403891754813,0.6125530498969481
45,5160,87,-0.09554990380802064,-0.2637884142137961,-1.5582463889076321,0.30505375137088064,0.24159926935404838,-1.0385747644412713,0.8356583924338064,-0.6870519494859656,0.4289597985788314,1.0294623131395182,-0.25728594737651944,-0.16130566699430954,0.3581403891754813,0.6125530498969481
65,3350,65,-1.5003813704474793,0.5776799288914051,-1.5338815582074639,-1.1623087972167594,-0.3360655425039277,0.44960143907769445,1.948436777056238,-0.9283307329438812,-0.8457496768946355,0.4095619963667674,0.15958778625130107,0.667595610487579,-1.0987972149572356,0.6125530498969481
77,4062,79,-0.4174943155970008,1.1890885687490669,-0.7177958874864886,-1.4654695858923672,1.2609193153211102,-1.0385747644412713,-0.831740799103585,1.1635803366973685,-0.3026284436876273,0.8477740600370556,1.0505242584351244,0.4460420182607379,1.8150779933081982,0.6125530498969481
41,4782,52,-1.4828377687198897,-1.2041414384332418,-1.2093394471407262,0.5845340400620087,-0.286917227340688,0.44960143907769445,-0.18659120676503163,-0.6232192944825511,0.0830645638304953,-0.488944521318963,-0.4989918908026202,0.9677553622983834,0.3581403891754813,0.6125530498969481
56,5610,84,0.5485658966797334,-0.2637884142137961,0.3845610229975339,1.0887766844638758,0.6264060545068413,-0.6142542982610626,2.0633893891520207,0.6902976719925955,0.30686892312721825,-1.1512760702749985,0.19598482610711032,-0.8215500386640247,0.3581403891754813,0.6125530498969481
59,5740,92,0.8275444896739671,0.6753287453312369,0.08698338202383421,-0.24713524716120827,1.7893131283006505,0.44960143907769445,-0.3812772018018639,1.2632379969775114,-0.9021518863751771,1.0718935453228027,1.346212792772698,-1.0062308033942615,1.8150779933081982,0.6125530498969481
35,3585,75,-1.0601969514929066,-0.6744109272506594,-1.3136683698393052,0.04671874992599485,-0.8355010027325963,1.302364976162053,0.45655088685874945,0.09569733284866454,-0.3553625238528725,-0.7227012651918747,0.1912709949874446,-0.09163931486211319,-1.0987972149572356,0.6125530498969481
70,3970,77,-0.4761687026879971,0.4228593760746721,-0.7165718278770374,-1.5531623993304813,1.4687804455716031,2.1048997275333035,0.18968183155468982,1.0656043502924986,-0.8457496768946355,-0.019012808716357025,1.3852206655387842,-0.6478662283278471,1.8150779933081982,0.6125530498969481
47,4005,57,-1.152245604817201,0.012544204192919125,-0.8210469405406026,1.210291736108052,-0.13693542017306337,-0.22919460362735344,-0.3812772018018639,-1.094880026424442,0.8097944922590647,0.4095619963667674,-2.349811146653059,1.1055702792912185,0.3581403891754813,0.6125530498969481
27,3040,26,0.34367262029983897,-1.2041414384332418,0.9854141914094664,1.7772331821266985,-1.643243433158621,-0.17072831115449827,0.4042113238446866,0.01703484187169807,1.0864302146786262,-0.7227012651918747,-1.0383815588320007,-0.05772376724875687,-1.0987972149572356,-1.6325116659989423
35,3430,60,-0.6365758919898609,-0.6744109272506594,-0.8871538761426646,-0.023088318734798538,-1.4755979450908108,0.44960143907769445,0.5790362131451418,-1.2983753500580535,0.5495374102901839,-0.9955858819980911,-1.2359551504696173,-0.6769299653666755,-1.0987972149572356,0.6125530498969481
33,2987,51,-0.30718818103579604,-1.3330274833513367,0.114497934841232,0.007156298798464337,-1.5674959760606653,-0.027998330041182934,0.7227955341928407,-0.35347352257287784,0.7629678942848166,-0.8534518760234878,-0.9123291000186962,0.8055543444726024,-1.0987972149572356,-1.6325116659989423
77,3891,77,-0.24590443840849815,1.265104344999401,-0.5374191334014482,-0.8874268200608982,1.5192604133823406,-0.04910428867699247,-0.4327620824410535,0.8746535950171559,-1.0162263078285314,1.720203458036234,1.160749966800788,0.10161773560886084,1.8150779933081982,0.6125530498969481
76,4840,94,-0.08650841345958996,-0.19109950858549485,-0.018321482131393306,0.3255137691295418,0.27253661788993777,-1.0385747644412713,-0.5948985251933547,0.8746535950171559,-0.14633148248231995,0.5879401964775927,-0.09560237440084632,0.4674437938363918,0.3581403891754813,0.6125530498969481
56,4755,85,-0.14220238783805744,0.25645415555414425,-0.720248642080641,0.25583455751090806,0.8896850314583712,-1.0385747644412713,-0.14048620595181638,0.17590711389826053,-0.4084259016153437,0.696881263144984,-0.07010481753836477,0.12150977028102074,0.3581403891754813,0.6125530498969481
84,5580,91,1.2307082788860357,0.8591123720558881,0.7894931175105226,-0.5643449338659922,1.7842852180989537,1.302364976162053,-0.1313791743861618,1.572409762644023,-0.3553625238528725,1.2689406411191924,1.2568956011838268,-0.5041338296779814,1.8150779933081982,0.6125530498969481
46,4000,66,-0.4761687026879971,0.07620224590010746,-0.4794221042759238,-0.4312059738755724,0.04316040253595542,-1.0385747644412713,-0.3812772018018639,0.8746535950171559,-0.48865480430561903,0.060686441260878146,0.03772636208700348,0.08169544466493703,0.3581403891754813,0.6125530498969481
33,5300,58,-1.8985032876567225,-0.972731667786928,-0.5323622676062977,-0.0021552485639602073,0.42601925753919184,0.12366360034857365,-0.8192639038935713,0.5124477851823425,3.0516779923242545,-0.10280094841912382,0.0842896411392743,0.43907245465945055,0.3581403891754813,0.6125530498969481
54,4240,56,-1.194287588545789,0.3133361961439687,-0.199363245882124,-0.8658275684892794,-0.2874658280935898,0.44960143907769445,0.3122051961280074,-0.8104772611976783,1.6194758578441073,0.2788113855351543,-0.5656447474459453,0.8658376824716167,0.3581403891754813,0.6125530498969481
64,4790,69,0.49962859239283186,0.6270233788095004,-0.05125068153107312,-1.0089401426438158,1.2708579877093604,-0.6142542982610626,-0.48548409270739684,1.467641878959388,-0.4084259016153437,0.13667737956055104,1.015149877180327,0.04909848784711079,1.8150779933081982,0.6125530498969481
31,4520,61,-0.3171288144353537,-0.972731667786928,0.16961992260165215,0.9751165585370247,0.1570841743525925,-0.22919460362735344,-0.007652219861956637,-1.8227310098814986,0.10819887684225446,-0.9955858819980911,-0.2386134490568481,1.1084404555761647,0.3581403891754813,0.6125530498969481
55,2890,53,-0.6902417843019256,-0.19109950858549485,-0.7706458792310533,0.37928809431096844,-1.185171529100312,0.44960143907769445,0.15797762169666751,-0.6870519494859656,0.18319470580243435,0.9411429344911897,-1.4576384330448136,-0.223275195743967,-1.0987972149572356,0.6125530498969481
41,3400,45,0.0277941705422539,-0.6744109272506594,-0.47182884466474734,-1.308458762070803,-1.6161459436838903,-1.5119094047906834,0.3122051961280074,-0.6870519494859656,-0.32895477682173246,-1.3233835886260938,0.6349582592619684,-0.6101575587237623,-1.0987972149572356,-1.6325116659989423
33,4800,100,-0.6617988572958574,-1.7978331880954055,0.15273295403977155,-0.34821085385716555,-0.1900024498689417,2.4385556137203848,2.7007350628016034,0.25767565625110594,2.3148101285408176,-1.1512760702749985,-2.9699278841050303,-1.0162412604854265,0.3581403891754813,0.6125530498969481
72,4210,81,-0.029901556313497266,1.1890885687490669,-0.18824947626118485,0.6019717972126885,0.7925984055207709,-0.22919460362735344,-0.5948985251933547,0.7816568116943878,0.9490194931800552,0.8951255085680089,0.09991863367331265,0.09606812787834532,0.3581403891754813,0.6125530498969481
47,3400,92,-0.5582726644819487,-0.12094221917214973,-1.2686048897713658,-1.8298731617089106,-1.7921050607552145,1.5536080293455437,-0.5948985251933547,0.9692990979140862,-0.930509623619824,-0.28448920152158647,0.24614908350617346,-1.5058384759967054,-1.0987972149572356,0.6125530498969481
41,3620,63,0.7250671282097543,-0.49946894118390567,0.581364229561163,-0.023088318734798538,-0.7205902212326216,-3.0213190425447043,-1.7565250578392297,-1.5654940694465738,0.5495374102901839,-0.488944521318963,-0.7864932022860808,-0.8603509439447266,-1.0987972149572356,-1.6325116659989423
47,3962,62,0.4908045494124063,-0.972731667786928,0.4300363145060855,-0.6283861383961893,-0.5490014173684451,0.12366360034857365,1.271398499406051,-0.1356944211524122,1.0864302146786262,0.2788113855351543,-1.222901675340174,-0.4502103704245131,-1.0987972149572356,-1.6325116659989423
39,4000,70,0.017012522122773332,-0.2637884142137961,-0.11228069362080104,-0.4172001723840956,0.3102865577817636,-0.22919460362735344,-0.007652219861956637,-1.2494530951634284,0.0830645638304953,0.34549454598816776,-0.2830995943554468,0.23748600324476013,0.3581403891754813,0.6125530498969481
61,3036,59,0.20703776683242356,0.5272445442404744,-0.787599765986733,-0.46015470852972556,-1.483412153110486,-0.22919460362735344,0.663567218360223,-0.5579571392876599,-0.9021518863751771,-0.8534518760234878,-0.29448765566036084,-1.522542900757448,-1.0987972149572356,0.6125530498969481
57,2980,37,1.1756399776950166,0.3133361961439687,1.7760773564528631,1.7153704089318045,-1.194078940490222,0.44960143907769445,1.3122353651936907,0.4259346495311623,0.5014836937996878,-0.8534518760234878,-0.618423850368644,0.5835967475096299,-1.0987972149572356,-1.6325116659989423
45,2325,45,0.3671908445799653,-0.12094221917214973,1.1532738143769357,1.1568916363031037,-1.9910237931069654,0.5611600807556327,0.6648435230856837,-0.35347352257287784,1.444591078122857,-0.601645107695158,-1.9171361761020171,1.0034995244474834,-1.0987972149572356,-1.6325116659989423
54,6300,80,0.8418690104731877,0.07620224590010746,0.4729612707959354,-0.3704128641720285,0.7103218447492516,0.44960143907769445,-0.5948985251933547,0.5124477851823425,0.20805976907672294,0.5306181538634841,0.29375830838224215,0.1544078451544627,0.3581403891754813,0.6125530498969481
64,5916,84,0.7727685615890175,0.9459121453121648,0.6246652935773102,0.16408930983399242,0.8366635243852356,0.08966532253072854,0.20223912342600642,0.5124477851823425,0.0830645638304953,-0.9955858819980911,0.786451849161053,-0.27516723941048915,0.3581403891754813,0.6125530498969481
80,5870,53,0.1491912856009392,0.012544204192919125,0.3852495882633531,0.5341906841493281,0.2867347034270165,0.44960143907769445,-0.9606431574714017,0.5124477851823425,-0.5696679334896119,-0.488944521318963,0.29584177984523086,1.0272136927551896,0.3581403891754813,0.6125530498969481
55,5330,65,0.7272963270741717,0.07620224590010746,0.9558168568558418,1.6398731002288558,0.3801236666635978,1.0360807079976635,1.0664517666868942,1.1635803366973685,-2.240907965439047,-0.3835201634208818,1.0167420859984386,0.5430920716827448,0.3581403891754813,0.6125530498969481
72,3560,77,-0.03716058612695644,0.7690207208177235,0.20367492016670652,-0.8117346098511219,0.7632467647761073,0.44960143907769445,-2.1844360203854483,0.25767565625110594,-0.0181691230182655,1.0718935453228027,0.15817163376040977,1.0320207888312147,0.3581403891754813,0.6125530498969481
37,4300,72,-0.21342887018169596,-0.5849046607537626,-0.32615267296916617,-0.8874268200608982,0.8998852924398955,-0.22919460362735344,-0.5948985251933547,-0.060091883356808096,0.03258838544133381,0.7990089285165864,-0.12683687517030173,0.23512329646065694,0.3581403891754813,0.6125530498969481
21,5400,70,0.08031965650631273,-2.488799584590381,-0.20497332035690585,-0.11597494630920409,0.5936765164083418,-0.6142542982610626,-0.663280949444848,-1.0407110988557453,-0.3818525909118409,0.34549454598816776,0.12468138665974937,0.7297937500279595,0.3581403891754813,0.6125530498969481
20,4640,51,-1.0771458379492982,-1.7978331880954055,-0.7276442458726138,-0.4904558228650689,-0.730512630509906,-0.22919460362735344,-1.4016057555673218,-1.094880026424442,-0.32895477682173246,-0.3835201634208818,-0.46147871894795844,1.3018914012771496,-1.0987972149572356,-1.6325116659989423
86,4772,77,0.5516271679143121,1.4803479884652575,-0.07514372951015756,-0.6529279200826904,1.2912292689885556,-0.22919460362735344,-1.0977621251970406,0.7816568116943878,-0.5155706927336406,1.0294623131395182,1.1956475168054082,-1.6183408233154262,1.8150779933081982,0.6125530498969481
29,3750,59,-0.7512440275450156,-0.972731667786928,-1.253994926957381,-0.9740319705249556,-0.07941154917988634,0.12366360034857365,-0.48548409270739684,-1.5654940694465738,-0.8177024914772081,0.8477740600370556,0.5775159700154033,0.04847550645324447,0.3581403891754813,0.6125530498969481
46,3700,55,-0.5869970398481862,-0.19109950858549485,-0.14976598885196743,-0.19555710302836565,-0.018146215060422285,-0.6142542982610626,-0.007652219861956637,-1.9161399642376822,0.9028169700855416,-0.28448920152158647,-1.723950287391872,0.8186505180705277,0.3581403891754813,0.6125530498969481
63,3850,64,-0.451660045662864,-0.05311907203067916,-0.7915540595069023,-1.0856771595189671,0.12768438698895676,-0.04910428867699247,0.3855304303022255,-0.6870519494859656,-0.5425747226939661,0.060686441260878146,-0.1552298965786931,0.3528831103630511,0.3581403891754813,0.6125530498969481
63,6800,79,0.38039678032778906,-0.2637884142137961,0.32739949409217656,-0.17597858877416256,0.5761147458728345,-0.22919460362735344,0.8415717373866589,0.8746535950171559,-0.06921364143108524,0.4095619963667674,0.44616760207494505,-0.24201897779794065,0.3581403891754813,0.6125530498969481
54,6550,70,-0.49322123543859764,-0.19109950858549485,-0.9018018714840295,-0.4904558228650689,1.0599091241292744,-0.6142542982610626,-2.1844360203854483,1.3645882269351624,-0.6789541283407586,0.34549454598816776,0.7119907719024896,0.22242190379365073,0.3581403891754813,0.6125530498969481
29,2643,68,0.5916024099162774,-1.3330274833513367,1.4227455438033358,1.1445420441442986,-1.8358154428499396,-0.6142542982610626,0.66994161620873,-0.9283307329438812,1.222108344767349,-0.8534518760234878,-1.0810716245337821,0.8338314400762042,-1.0987972149572356,-1.6325116659989423
41,3400,59,-0.6449068227399252,-0.6744109272506594,-0.5064976273717406,0.43045216020189175,-0.13693542017306337,-0.22919460362735344,-0.18659120676503163,-2.1196483779539492,-1.5221214688076337,0.13667737956055104,-1.3452225459391844,0.45016962388868464,0.3581403891754813,0.6125530498969481
60,3920,96,-0.000286788212737428,0.19803987368047163,-0.5788827269964539,-0.2914502513632972,0.8896850314583712,-0.4559627308877755,-0.8068585572048644,1.3645882269351624,-0.17218743851993448,0.696881263144984,0.4837783977991974,-1.0273133440888897,0.3581403891754813,0.6125530498969481
31,5925,69,0.9718457680889685,-0.972731667786928,0.6244149702319841,0.43558507267420293,0.19110784129153285,0.12366360034857365,-0.007652219861956637,-0.060091883356808096,0.9028169700855416,0.8951255085680089,-0.002655564812574758,-0.5215163772156444,0.3581403891754813,0.6125530498969481
71,4760,77,1.0455687360586747,0.6753287453312369,1.1865130994910422,0.5718300632983053,0.40543054269898315,0.44960143907769445,1.0122534250473663,1.0656043502924986,-0.09484535878691201,0.4095619963667674,0.42713189464387874,0.9926549349902808,0.3581403891754813,0.6125530498969481
60,4010,50,0.8735199901734554,-0.768473675269448,1.2574811092636031,1.3451608388976657,-1.5053985439238686,1.0360807079976635,0.5389373745605943,0.3410143789166372,0.6686666659070798,-0.9955858819980911,-0.8699969464508326,0.8200796627578476,-1.0987972149572356,0.6125530498969481
52,7400,90,-1.1481415823516226,0.1379929544107909,-0.8784667292253117,0.07078414185244891,0.3102865577817636,0.44960143907769445,0.15797762169666751,-0.20978440474634713,-2.036203154870672,1.5101056089930909,0.6154223597226628,0.930824749797983,0.3581403891754813,0.6125530498969481
78,4942,84,0.8987879679441562,0.8144962912549336,0.46896128451325036,0.511416589976082,-0.9984940856865023,0.7526774068770612,1.1732322498985348,-0.1356944211524122,0.9028169700855416,0.696881263144984,-1.3414689669260036,-1.674983642838923,-1.0987972149572356,-1.6325116659989423
34,6450,77,-1.192140926635304,-1.3330274833513367,-1.0595363505064501,0.058854027802434455,0.38243084587087894,0.28972012752516596,-0.23367680842349908,0.9692990979140862,-0.9589736432806009,0.696881263144984,0.5468378860030478,-0.4273696948026918,0.3581403891754813,0.6125530498969481
30,7000,68,-0.813677452142826,-0.19109950858549485,-0.6924095012304675,0.5554281226120905,0.06821195754654148,-1.5119094047906834,-0.18659120676503163,-0.4230962065588109,-0.5696679334896119,0.060686441260878146,0.573171596148469,0.15547639905598495,0.3581403891754813,0.6125530498969481
30,5280,55,-0.5147380558031105,-1.2041414384332418,-0.4248340389123247,0.547533550641871,0.3546572622011375,-0.22919460362735344,-0.9606431574714017,0.01703484187169807,-0.8738990280930917,-0.1911203270674524,0.048656713840758904,0.4998061651063757,0.3581403891754813,0.6125530498969481
52,4208,51,-0.09037197783414273,0.1379929544107909,-1.2623190197425331,-0.5819923517098765,0.3102865577817636,-0.22919460362735344,0.6469099571202959,0.6902976719925955,-0.7341609556836688,1.2689406411191924,-0.03128291531012249,-0.9548402655980351,0.3581403891754813,0.6125530498969481
51,4550,61,-1.0509103946993723,0.1379929544107909,-0.34241972986956043,1.1273594474557256,-0.17666519467420225,-0.8209747619128162,0.23641393778204187,-1.4375163915219222,-0.1981197138629203,-0.601645107695158,-1.0136125893860912,-0.1618588069626659,0.3581403891754813,0.6125530498969481
51,4500,66,-0.35715990450885043,-0.867676873013996,-0.2571368633454987,0.11182218825857136,0.27253661788993777,0.44960143907769445,-1.0977621251970406,-0.4230962065588109,-0.5425747226939661,0.696881263144984,0.18208158879143505,0.19756165091474817,0.3581403891754813,0.6125530498969481
99,5975,94,1.2325633952787982,2.594031774135042,0.8249568972013425,-1.3900837948934839,2.0134989748534267,1.1712232060564816,0.5922469197566411,1.572409762644023,-1.0162263078285314,0.9411429344911897,2.550003006545821,-2.810207454887759,1.8150779933081982,0.6125530498969481
12,2516,51,-1.948238590127767,-1.991623129577312,-1.19355576674551,-1.0179999910485702,-1.7550331807304491,0.44960143907769445,0.9567527520563348,-0.9283307329438812,0.4531942340637835,-0.8534518760234878,-0.5201155153614888,1.7214721572963374,-1.0987972149572356,-1.6325116659989423
43,3740,52,-0.45359651860739053,-0.5849046607537626,-0.8929874370094173,0.46172263461915913,-0.6204837466933623,-0.22919460362735344,-0.831740799103585,-0.5579571392876599,0.9259436201670271,0.13667737956055104,-0.6578652682482058,-1.3130841814869652,-1.0987972149572356,0.6125530498969481
50,3452,32,-0.9987772257402141,0.07620224590010746,-0.8306185257214158,0.22243802574620308,-0.8537995141224842,-1.0385747644412713,0.4912429215254467,-1.1477182127095475,-0.7619093999483375,-0.8534518760234878,-0.7821940639936997,-0.24389654599266006,-1.0987972149572356,0.6125530498969481
32,3750,48,-1.3253506687769674,-1.0845174670653985,-2.126558364539047,-0.844973801065171,-0.5401666615228499,0.44960143907769445,1.7489351584252335,-1.6057345224000523,-1.1029394439418776,1.341553066130896,0.3715645121770091,-0.3354120034340899,-1.0987972149572356,0.6125530498969481
70,4081,91,0.3238986748372385,0.7226458157909567,0.45211664038069677,0.8872642803522207,0.49053837892447655,-1.0385747644412713,0.45655088685874945,1.1635803366973685,-1.2795288599936459,-0.3835201634208818,0.17115440621968844,-0.11746823564387977,0.3581403891754813,0.6125530498969481
40,4050,78,-0.0323145616647638,-0.6744109272506594,-0.026863925151016786,0.15962811472572183,-0.02965490558042674,-0.8209747619128162,-0.3812772018018639,-1.199238322126377,0.6923240937679691,0.643318740239679,-0.38516164600145436,-0.38868072526994696,0.3581403891754813,0.6125530498969481
58,3250,82,-0.6062784637407711,0.07620224590010746,-0.07635609236432782,0.2128043540403945,-0.9220812277039356,-0.6142542982610626,0.4843468548929518,0.01703484187169807,0.007245147886748601,0.8477740600370556,-0.5579800636071001,1.0467988826606254,-1.0987972149572356,0.6125530498969481
36,6200,80,0.19223640522195304,-0.4176946998854468,0.04022595914366602,0.7800662444554317,0.6046150057754334,-1.2683636766655946,-0.3812772018018639,-0.4912534379026085,0.7159264724323372,0.20928980457225407,0.08813674575466239,0.21061431129084868,0.3581403891754813,0.6125530498969481
18,3798,59,-0.016154254822691855,-1.7978331880954055,0.6025604095471383,0.6581529004723548,-1.5362886608469797,0.055394205642346685,1.325690347526628,-1.8227310098814986,3.244143832516816,-0.7227012651918747,-2.532041574074912,1.1717918280150017,-1.0987972149572356,-1.6325116659989423
64,5080,89,0.0728542970814316,0.36877700770497285,0.19889686756655067,-1.065526666446129,0.09310267904364704,-0.4173081667300912,-0.007652219861956637,-0.4912534379026085,0.0578612934555406,0.696881263144984,-0.21695551051769296,0.3157167801732887,0.3581403891754813,0.6125530498969481
39,3960,85,1.5385405048171208,0.6270233788095004,1.659698476369616,0.5743878482457943,-0.2830793027641169,-0.22919460362735344,0.2852133726225246,0.6005650532112241,0.9028169700855416,0.060686441260878146,-0.18755746504191112,0.6531607921467731,0.3581403891754813,-1.6325116659989423
57,3734,71,2.081408724531053,-0.05311907203067916,2.074511025351843,1.7894598445809415,0.18093160634185956,-0.1998603901518706,-1.4016057555673218,1.1635803366973685,0.03258838544133381,-1.1512760702749985,0.5508174598984341,0.588132005042997,0.3581403891754813,-1.6325116659989423
77,3978,65,0.4473198364862798,0.9459121453121648,0.9981257653310153,0.13070930320260493,-0.4884823808240123,2.017544989660185,-0.007652219861956637,0.01703484187169807,0.7629678942848166,0.4095619963667674,-0.3219660797371309,0.8640401310539175,-1.0987972149572356,-1.6325116659989423
36,3720,49,-1.5738845470875875,-0.6744109272506594,-0.5672974061145424,-0.4312059738755724,-0.8828942952654918,2.8243582690774582,3.0577741500794393,-2.1983538567064675,0.38030884250552255,0.060686441260878146,-1.2401253356461923,1.7214721572963374,-1.0987972149572356,0.6125530498969481
60,3830,71,1.1777701862323615,-0.12094221917214973,0.9403535579303818,1.0289323140850861,-0.5714816336528199,-0.6142542982610626,0.08990169468117087,-0.5579571392876599,0.7159264724323372,0.060686441260878146,-0.19242334963793725,-1.6010258303560954,-1.0987972149572356,-1.6325116659989423
52,3300,64,-0.9444124019590651,0.1379929544107909,-1.1419646671461605,-1.106552791365331,-0.4673816430927015,0.12366360034857365,-0.3812772018018639,-0.8700943318940553,-0.48865480430561903,-0.28448920152158647,-0.09231237800894343,0.05992819474941463,-1.0987972149572356,0.6125530498969481
62,4378,75,-0.10337429751099657,0.3133361961439687,-0.03665058865724942,-0.7502317576043798,0.473658251857913,-0.6142542982610626,-0.4536989837265303,-0.35347352257287784,-0.6514933665420358,0.4095619963667674,-0.0854236641170937,0.8594085730174283,0.3581403891754813,0.6125530498969481
61,4402,58,-0.5528508724705755,0.47565884296982625,-0.5959912019559986,-0.38674238750608864,0.3383671391568183,0.12366360034857365,0.23641393778204187,0.6005650532112241,-0.3026284436876273,1.0718935453228027,0.6974659964935775,1.1878115171694712,0.3581403891754813,0.6125530498969481
69,3255,67,-0.26613095122405567,0.6753287453312369,-0.04538054254823846,0.6372692488918638,0.3812774209451592,2.4385556137203848,1.1454418178382195,-1.886083615874445,0.6923240937679691,0.2788113855351543,-0.45101249528195636,1.0004401641521368,0.3581403891754813,0.6125530498969481
57,2830,61,-0.9712020358050991,0.6753287453312369,-0.09227483353597289,0.49741520841155135,-1.3196045030486936,0.44960143907769445,-1.0977621251970406,-0.20978440474634713,0.6449537276656453,-0.10280094841912382,-0.8865214022492528,-0.6719276097828123,-1.0987972149572356,0.6125530498969481
57,3084,53,0.8795000394353131,-0.4176946998854468,1.454858597136689,1.0703723111886714,-0.01610384090631533,-0.3790064844169328,0.42699333868338246,-0.35347352257287784,0.5014836937996878,0.060686441260878146,-0.860047960483083,0.1579836484338965,0.3581403891754813,-1.6325116659989423
46,2217,63,-1.1878620189628872,-0.33923404372499033,-0.1059788029369545,0.7330114910364498,-1.7981849544271413,0.44960143907769445,0.45655088685874945,-1.6057345224000523,0.47736869024981116,-1.3233835886260938,-1.135412102655193,0.6586137081000044,-1.0987972149572356,-1.6325116659989423
50,2852,100,-0.020911496682945112,-0.867676873013996,0.6567357707654795,1.298552701911596,-2.045983328948151,-3.4094059453370256,-2.1844360203854483,-1.6057345224000523,1.5104862816404492,-1.1512760702749985,-2.2388964552218096,0.6424280464371165,-1.0987972149572356,-1.6325116659989423
35,5050,27,-0.19580567781889344,-1.991623129577312,-0.6134135048771967,-0.40010470410549714,-0.3678919688749011,-1.0385747644412713,-0.5948985251933547,-0.9851988400469104,0.8564097284492161,-0.28448920152158647,-2.0951376739895426,0.023494934030623405,-1.0987972149572356,0.6125530498969481
57,4100,56,-0.9593874737028985,0.25645415555414425,-1.1683997786233546,-1.8298731617089106,0.7124516289319573,-1.0385747644412713,-1.917250244236632,0.7816568116943878,-0.5968513856813783,1.2689406411191924,0.6710319849315836,0.6122794462548401,0.3581403891754813,0.6125530498969481
34,5290,54,0.4775593922429145,-0.768473675269448,0.022060575332045113,0.6076971359324965,0.6002430654648441,-0.013985659270390745,0.7695852833887381,0.25767565625110594,0.0830645638304953,-0.3835201634208818,0.3051838641850551,-0.35414472701525984,0.3581403891754813,0.6125530498969481
72,3400,74,-1.0093296631551862,1.0705183742130715,-0.243804911068682,0.13380907960697694,-1.141701429010402,0.12366360034857365,0.3122051961280074,-0.7494672137091747,0.621184811174139,0.7487430981377603,-0.9158972344651213,1.388492727058605,-1.0987972149572356,-1.6325116659989423
42,3710,37,0.7075203691427387,-0.6744109272506594,1.3503142996474369,0.7183237382392701,-1.3300133807260348,0.12366360034857365,1.3674797929882332,0.09569733284866454,0.9028169700855416,-1.3233835886260938,-0.810548917765444,0.43097979566641265,-1.0987972149572356,-1.6325116659989423
53,4834,58,1.0568678491204706,-0.33923404372499033,1.1166147503392896,1.5846146929017697,-2.1386086248808036,1.0360807079976635,-0.48548409270739684,0.4259346495311623,1.7703640987717493,-1.1512760702749985,-0.6289803295052762,-2.3077794288064197,-1.0987972149572356,-1.6325116659989423
24,3372,15,-1.8180119564571469,-1.2041414384332418,-2.2187906689819967,-1.5531623993304813,-0.399432688473765,-0.22919460362735344,1.9173214267991034,-1.7549633934685398,-0.7341609556836688,-2.2835393318336408,0.843918068692289,0.6869027162535193,-1.0987972149572356,0.6125530498969481
37,2664,60,0.3841324796354727,-0.972731667786928,1.062118021903138,0.7741724525366295,-1.7808474609993439,0.44960143907769445,-0.3812772018018639,-0.060091883356808096,1.0179463816947247,-0.019012808716357025,-1.7246919599680883,0.9470914231398609,-1.0987972149572356,-1.6325116659989423
58,4730,74,-0.25440589504460465,-0.05311907203067916,-0.43024014216572104,0.23329315280482474,1.116502677554239,0.12366360034857365,0.0766966911087716,0.8746535950171559,0.33141144399481504,0.5879401964775927,0.324216497175727,0.19206025897226356,0.3581403891754813,0.6125530498969481
66,5490,83,0.7586031155182641,0.9029060992795953,0.422860001934078,-0.47892596256981107,-0.81539007164612,-2.669140356407314,-1.4016057555673218,-0.5579571392876599,0.9490194931800552,-0.9955858819980911,-0.0942856261425818,-2.0025453648068874,-1.0987972149572356,0.6125530498969481
36,3678,56,-0.9848886661914771,-0.5849046607537626,-0.738844056458232,-0.24179621121322845,0.14730874547157527,-0.22919460362735344,-0.3812772018018639,-0.9283307329438812,-0.22412911897517096,0.7990089285165864,-0.09790909341634715,1.1062476078639207,0.3581403891754813,0.6125530498969481
13,2550,60,-0.5780621872609615,-2.839672107326026,-0.7693537765588417,-1.7906089740186033,-1.7426375422051703,1.791524160627867,1.171185067075423,-1.3460179845367914,1.1318449172048743,0.8951255085680089,-0.5122181507519811,0.5491947203596109,-1.0987972149572356,0.6125530498969481
79,5700,84,0.10337309901163495,1.1501937769220454,0.020979657316502958,-1.211189781762898,1.8838544256866507,1.302364976162053,-0.9606431574714017,0.7816568116943878,-1.3393806834015403,1.5418252579254095,1.6671874383742766,-0.11514724291492597,1.8150779933081982,0.6125530498969481
37,2980,44,-1.754926579361327,-0.49946894118390567,-1.3136683698393052,0.16260532684295703,-0.8815958708025662,-0.22919460362735344,-1.7565250578392297,-1.5654940694465738,-0.5696679334896119,1.0718935453228027,-1.5272630165548007,1.6483292102548692,-1.0987972149572356,0.6125530498969481
32,3119,78,-1.939010881156301,-0.972731667786928,-0.762918678127185,0.23598171116388988,-0.2574130404925574,0.12366360034857365,-0.14048620595181638,-1.7193887069886764,-0.8457496768946355,0.47121122188858366,-0.5014647257943613,1.2004453770945605,0.3581403891754813,0.6125530498969481
49,3555,64,-1.4627613637733374,-0.2637884142137961,-0.937852556386227,0.30627321086797704,0.1424118724317926,-0.22919460362735344,1.353317189374605,-1.7549633934685398,-0.6789541283407586,0.696881263144984,-0.6387083356340859,0.7787629240961116,0.3581403891754813,0.6125530498969481
33,3650,21,-1.5931551764561336,-0.5849046607537626,-2.0081082349258432,-0.7926275114108617,-0.007435867506012867,-0.22919460362735344,-0.007652219861956637,-2.1196483779539492,-0.06921364143108524,1.2689406411191924,-0.7155779285019673,0.8633365970836673,0.3581403891754813,0.6125530498969481
36,6200,80,-0.18784379648640645,-0.6744109272506594,-0.4284345741882338,-0.8518455715140616,0.6803911120003983,0.12366360034857365,-0.5948985251933547,0.01703484187169807,-0.2763826353397781,0.9858994490492295,0.03681229130161449,0.8872771231352794,0.3581403891754813,0.6125530498969481
48,4600,88,-0.3038990065097767,-0.768473675269448,-0.4967372078913952,0.1536363248892522,-0.6842446310366418,-2.669140356407314,0.3122051961280074,-0.4912534379026085,0.35589122750062535,0.2788113855351543,-0.550769536746762,-1.04014295856422,-1.0987972149572356,0.6125530498969481
90,5678,72,-0.8698747126236699,0.7226458157909567,-0.6334019862108409,0.2072411880542442,0.5989305859128776,0.6339700079371658,0.12257708755112048,-0.7494672137091747,-0.5155706927336406,-0.019012808716357025,0.5712125094579696,0.4790440157700305,0.3581403891754813,0.6125530498969481
61,3530,81,-0.19580567781889344,0.1379929544107909,-0.3245419831399542,-0.5141529033467143,0.5496316382343792,-1.0385747644412713,-0.09532026042061388,0.4259346495311623,0.6923240937679691,0.9411429344911897,-0.4211479982872879,0.5583317964048392,0.3581403891754813,0.6125530498969481
36,3346,58,-1.1258803468589633,-0.4176946998854468,-0.5527550530507132,-0.7561123349498996,-0.7057596657603669,0.44960143907769445,-1.4016057555673218,-1.481398373568703,1.4004471709358843,-1.515783424979524,-0.5630864110405575,1.3880263693131738,-1.0987972149572356,0.6125530498969481
61,4565,83,0.4123590373836647,0.36877700770497285,-0.11671956519865997,0.02721611181237335,1.4857875891230328,0.44960143907769445,-0.7100928488284425,0.3410143789166372,-0.2763826353397781,1.113250452842285,0.6299413831866391,-0.12289737550517488,1.8150779933081982,0.6125530498969481
55,3110,52,0.2991364833453459,0.3133361961439687,1.0601225176168765,0.6910194270697844,-1.6490231242923845,1.0360807079976635,-0.5069333484712395,-0.4230962065588109,1.4885635747884411,0.5306181538634841,-0.9886096335545125,0.7584507489458626,-1.0987972149572356,-1.6325116659989423
46,3914,73,-0.3554195960124613,0.012544204192919125,-0.5517248463097829,-0.9174876980877469,0.7632467647761073,0.44960143907769445,-0.831740799103585,0.25767565625110594,-0.12055104982347017,0.5306181538634841,0.26350460425086797,0.5744667542321615,0.3581403891754813,0.6125530498969481
48,4500,71,-1.1198984330443544,-0.05311907203067916,0.30101458253036645,0.2597408629272594,-0.21951294018390313,0.7526774068770612,-1.7565250578392297,-1.094880026424442,1.0636508731902279,-3.1179783991407715,-0.16719745956234294,-0.4796600384662045,0.3581403891754813,0.6125530498969481
68,5150,61,-0.5085382375766302,0.6753287453312369,-0.4008930082861614,0.2141884772793757,0.22723878076167214,0.12366360034857365,-0.831740799103585,0.9692990979140862,-0.06921364143108524,0.34549454598816776,0.11452965754145421,0.6512062468912446,0.3581403891754813,0.6125530498969481
62,5376,72,0.1432863527713615,0.19803987368047163,0.560088179033114,1.081643693841068,-0.28966104686054833,1.0360807079976635,0.8998829173445196,1.467641878959388,-0.09484535878691201,-0.019012808716357025,0.9381177434833984,-0.678698663155967,0.3581403891754813,-1.6325116659989423
73,3214,34,-0.6902417843019256,0.8591123720558881,-0.658413398648475,0.12603424105220834,-1.396243482107757,0.44960143907769445,-0.18659120676503163,1.6789026453905742,-0.043655143285563025,-0.8534518760234878,0.23888457237644356,0.11381434544968615,-1.0987972149572356,-1.6325116659989423
86,7262,71,1.8531923324207482,1.9228546444162875,1.5978864097108838,1.487533450801441,1.621901635050351,-0.6142542982610626,-0.3812772018018639,1.467641878959388,-1.7100169908089125,-0.28448920152158647,1.906902132288849,-1.4560007995477826,1.8150779933081982,0.6125530498969481
36,2600,83,-0.5892444638969404,-0.768473675269448,-1.3114791435161282,-1.2646921583279365,0.06671342579414018,-0.22919460362735344,0.45655088685874945,-1.199238322126377,-0.6514933665420358,0.7990089285165864,-1.0882727843289697,0.5513527636856955,0.3581403891754813,0.6125530498969481
99,4762,65,0.2970745868425797,1.7730824130587477,0.03598708911959886,-0.005914869171841798,0.0980617514579351,-0.6142542982610626,-1.2442682362821473,1.6789026453905742,0.0830645638304953,0.060686441260878146,-0.20780387195287592,0.42229527092734204,0.3581403891754813,0.6125530498969481
19,4330,57,-0.028697539858578695,-3.361268809322709,-0.312552781871274,-0.5471730267600206,-1.333739193520609,-0.22919460362735344,-0.3812772018018639,-0.7494672137091747,0.0830645638304953,-0.1911203270674524,-0.6985862721727818,-0.7069859961073378,-1.0987972149572356,-1.6325116659989423
33,1780,44,0.9860229682318564,-0.972731667786928,1.0854704640690527,0.6270083601755231,-0.8939510962294311,0.44960143907769445,0.6584548487670904,-0.6870519494859656,0.6923240937679691,-1.1512760702749985,-0.4711923484974091,-0.711454814787928,-1.0987972149572356,-1.6325116659989423
78,6540,62,1.6541376960742733,0.8144962912549336,1.7852572252903813,2.02307212187992,-0.4101964618018934,0.44960143907769445,0.15797762169666751,1.467641878959388,0.8796391417393972,0.13667737956055104,0.3505845073372769,-0.5621642774636598,-1.0987972149572356,-1.6325116659989423
24,4230,52,-0.6593666169243517,-1.626781013821947,-1.2173203479373085,-0.818238842087875,-0.4552973717633608,0.44960143907769445,0.14998102334749946,-0.35347352257287784,-0.3026284436876273,-0.8534518760234878,0.45277504800637824,0.6910753947257052,-1.0987972149572356,0.6125530498969481
64,7398,76,-0.33990669332484136,0.36877700770497285,-0.36991663740425107,0.5386644382875547,0.4301245042866015,-0.6142542982610626,0.8415717373866589,0.4259346495311623,0.621184811174139,0.8477740600370556,0.13592047314028677,0.25478408259346536,0.3581403891754813,0.6125530498969481
47,2744,42,0.5604420603138844,-0.867676873013996,1.22388340114082,0.8082604696171831,-1.2267120141059193,0.44960143907769445,1.0664517666868942,0.09569733284866454,0.7629678942848166,0.34549454598816776,-0.8173371527370108,0.18362198066940585,-1.0987972149572356,-1.6325116659989423
39,4345,74,-1.2204306503346214,-0.33923404372499033,-0.8319934696566977,-0.4675980676605615,0.6220569582239497,-1.0385747644412713,-0.44320555168159087,-0.20978440474634713,-0.1981197138629203,0.34549454598816776,0.6301507601355211,0.20009885883380166,0.3581403891754813,0.6125530498969481
72,3416,76,1.1818724668938685,0.6753287453312369,1.01489455626989,-0.14762845649391362,-1.6006548393595166,-1.0385747644412713,-0.18659120676503163,-0.6870519494859656,0.4531942340637835,-0.601645107695158,-0.6808353813309562,0.07383039711171765,-1.0987972149572356,-1.6325116659989423
42,7425,46,1.7458225566784142,-0.5849046607537626,1.5252359346605335,2.5565749719739888,0.7925984055207709,0.44960143907769445,0.7817410839239779,0.01703484187169807,-0.250216479237428,-0.1911203270674524,0.32344932414554345,-0.2270212887322241,0.3581403891754813,0.6125530498969481
48,3728,41,1.160566545852691,-0.05311907203067916,1.5307384634333823,1.4502857346707392,-0.9135519513977952,0.5733801243165285,1.4066848532197307,0.09569733284866454,1.813122382800205,-1.515783424979524,-0.8930685147799061,0.6129672664692677,-1.0987972149572356,-1.6325116659989423
37,3296,56,1.6596550505598722,-0.972731667786928,1.7161752868027165,1.2186775488287007,-0.5848598009901799,-0.4559627308877755,0.7817410839239779,-0.28237352323745246,0.8331283179455142,-0.8534518760234878,-0.9292056824217569,-0.49407047664955506,-1.0987972149572356,-1.6325116659989423
29,3136,54,0.48487000768861377,-1.473054451276509,0.8804819321715972,0.21556995474047796,-2.096250590745348,-2.669140356407314,0.6314252882116098,-1.094880026424442,1.813122382800205,0.2788113855351543,-1.3882216068549977,1.2379085623816553,-1.0987972149572356,-1.6325116659989423
52,2820,58,-0.934560110357687,0.3133361961439687,-0.5517248463097829,-1.000017635415509,-0.02274554130217709,-0.6142542982610626,-0.7773725993882712,-1.392393977623881,0.23285911133526874,0.060686441260878146,-0.8412800877601745,0.5951182682778857,0.3581403891754813,0.6125530498969481
56,3075,68,-0.6028462066853549,-0.12094221917214973,-0.6322804739620878,-1.0755146028246894,-0.007435867506012867,-2.0483080496073764,0.8415717373866589,-0.9283307329438812,0.25759334859915606,0.8951255085680089,-0.7946393967190323,1.333899587914977,0.3581403891754813,0.6125530498969481
98,5520,92,1.7718161746322707,2.3289850936935363,1.232277037423518,-1.1507160945452137,1.3826050488587693,1.348644739234655,0.5724019853709625,1.6789026453905742,-2.036203154870672,0.4095619963667674,2.2325855168767723,-2.202481190954777,1.8150779933081982,0.6125530498969481
29,5270,63,0.07338966804017792,-1.473054451276509,0.005147973043358322,0.07918403546691419,0.9473048279223203,-0.22919460362735344,-0.831740799103585,-0.5579571392876599,-0.1981197138629203,0.20928980457225407,0.23023227463147655,1.2609611413278519,0.3581403891754813,0.6125530498969481
37,4900,33,-1.4320261129623757,-0.6744109272506594,-1.5582463889076321,-0.05067400576780651,0.015414767758354089,-1.0385747644412713,-1.4016057555673218,-1.854952083311673,-0.4618260387652622,0.47121122188858366,-1.613917093602642,0.7343318561957851,0.3581403891754813,0.6125530498969481
56,4030,53,0.5822284608944138,-0.5849046607537626,1.1202673821558273,1.7620138884653844,-0.2130543614146971,-1.0385747644412713,-1.2442682362821473,0.6902976719925955,1.3783101875984967,-0.601645107695158,-0.6645929172857231,0.6925161315041627,0.3581403891754813,-1.6325116659989423
89,5820,83,0.9804181849709411,1.265104344999401,0.3307284197318863,-0.6188310905150496,1.9442453259620027,0.28972012752516596,-0.15146424330855543,1.2632379969775114,-1.0162263078285314,1.4110746470937963,1.488648750592255,-1.1415277138917084,1.8150779933081982,0.6125530498969481
81,5140,79,0.3389685687368415,1.338890288558631,-0.09785464923877889,-1.2789032854925582,1.4110262795548678,0.17750483412362061,-0.09174636889231523,0.9692990979140862,-0.9021518863751771,0.696881263144984,1.444426685734165,-1.2201395230955787,1.8150779933081982,0.6125530498969481
87,4340,67,-0.683983350223143,1.4803479884652575,-0.9960743700299988,0.07078414185244891,0.6911051395485793,0.44960143907769445,2.6517364723655192,1.1635803366973685,-0.1981197138629203,0.5306181538634841,0.04653691630324647,0.4932801715583525,0.3581403891754813,0.6125530498969481
62,4080,83,0.5507099612573031,0.6270233788095004,0.29871132648458903,-0.9491384422820587,1.3063082494435967,0.44960143907769445,-0.7700634020847932,-0.28237352323745246,0.15826329539749684,0.7487430981377603,0.42641347989232575,0.34525871027154875,1.8150779933081982,0.6125530498969481
54,4095,64,1.6834822982041728,-0.19109950858549485,1.7177111480100538,0.9152518309651755,-0.6358621845925833,0.12366360034857365,1.3674797929882332,0.4259346495311623,1.532367013874801,-0.601645107695158,0.11859781231464174,0.03987446574376157,-1.0987972149572356,-1.6325116659989423
65,5650,75,0.28459763918774733,0.6753287453312369,-0.04129540548053327,-1.1172801877673055,1.44215936800973,0.12366360034857365,-1.5715860926720169,0.9692990979140862,-0.4618260387652622,0.7990089285165864,0.8478830787309939,0.19949768392661107,1.8150779933081982,0.6125530498969481
59,3140,50,-0.7274030357673339,0.6270233788095004,-0.08489100248516804,0.4821880388185781,-1.3909234819232947,-0.12022466889553905,0.14195578666431385,-0.7494672137091747,0.30686892312721825,-0.10280094841912382,-1.247891630069355,1.0304739465259507,-1.0987972149572356,0.6125530498969481
44,3150,45,-0.7041618001642567,-0.12094221917214973,-0.28211010117223767,-0.24179621121322845,-1.0288789635676352,-0.22919460362735344,0.9567527520563348,-1.1477182127095475,0.5734771377015533,-1.3233835886260938,-0.6912842205744242,1.6250478856166704,-1.0987972149572356,0.6125530498969481
57,3344,48,0.9325862788248893,0.3133361961439687,1.6204599530494335,1.0869992575548484,-1.4114938112785376,1.5536080293455437,2.0209274843817377,0.8746535950171559,0.35589122750062535,-0.488944521318963,-0.758479108806698,0.8053737292583836,-1.0987972149572356,-1.6325116659989423
57,4440,87,-0.06995955266305678,0.1379929544107909,-0.12182065199204373,0.6769980867983897,0.6885362644273548,-0.8635857370929471,-0.7338825410813482,-0.9283307329438812,0.007245147886748601,0.696881263144984,0.11598371557454983,0.3982986440722399,0.3581403891754813,0.6125530498969481
73,2800,65,-0.5474611200147484,0.4228593760746721,-0.36991663740425107,-0.9912281496306629,-0.9850785240587809,-0.22919460362735344,0.45655088685874945,-0.9851988400469104,-0.14633148248231995,-0.9955858819980911,-0.7679308655684326,0.6973905218509036,-1.0987972149572356,0.6125530498969481
46,3644,37,0.33265580572465553,-0.12094221917214973,-0.4661744142257779,0.6814533752195652,-0.3735042485964829,0.5489055340783275,0.5604113932980814,-1.1477182127095475,0.25759334859915606,0.4095619963667674,-0.46147871894795844,-1.1432721411267768,-1.0987972149572356,0.6125530498969481
70,5160,62,1.4452112710543799,0.7226458157909567,1.0385868662355269,1.8388062589232628,0.26304304288094843,0.8108421981673638,-0.1588132541781993,1.1635803366973685,-0.0181691230182655,-0.9955858819980911,0.44545797936702286,-1.9911171233848068,0.3581403891754813,0.6125530498969481
68,4488,83,-0.004958337490482366,0.4228593760746721,0.32814047830372184,-0.06900478214199397,0.7783672242636009,0.44960143907769445,0.478814862371471,-0.28237352323745246,-0.7619093999483375,0.2788113855351543,0.28932188390791724,0.8260984518723025,0.3581403891754813,0.6125530498969481
48,3825,69,-0.5157754807972291,-0.2637884142137961,-0.3648548132680999,-0.5345902777664516,0.4770398521241707,0.6339700079371658,0.9857796287849364,0.4259346495311623,-0.4084259016153437,-0.7227012651918747,0.21607293964752916,-0.24685123457704145,0.3581403891754813,0.6125530498969481
71,3994,42,-0.5126667492758132,0.9029060992795953,-0.6311602754168676,-1.2789032854925582,0.9625950037563699,-0.6142542982610626,-0.18659120676503163,-0.4230962065588109,-0.7897561601567338,0.20928980457225407,0.697066006440273,1.043406788222622,0.3581403891754813,0.6125530498969481
34,2760,48,-0.5116328625522548,-0.768473675269448,0.16144840269850644,0.2902595832078523,-1.0424734859036977,0.12366360034857365,0.45375244541360277,-0.35347352257287784,0.2822630870249347,-1.9857151375821298,-0.7537702079521833,0.496482758222598,-1.0987972149572356,-1.6325116659989423
93,4060,63,2.1317976993666155,1.1890885687490669,2.1215012615845956,1.2359434360705808,0.17777648132971624,-0.14179539850478484,1.4543323149985459,1.2632379969775114,1.0179463816947247,-0.019012808716357025,0.17031082718280888,-1.437905535975106,0.3581403891754813,-1.6325116659989423
96,6770,66,0.7850815367837308,2.3541010837612646,0.293310779140834,0.4010359033805315,1.6996951338517094,-0.22919460362735344,-1.0977621251970406,1.467641878959388,-0.5968513856813783,-0.601645107695158,1.4431776157179905,-1.454474618297499,1.8150779933081982,0.6125530498969481
40,2624,44,-0.8051063283804659,-1.2041414384332418,-0.7276442458726138,0.1945650196537428,-2.7232092507461854,-0.22919460362735344,-0.5948985251933547,1.6789026453905742,1.4665986044009738,0.34549454598816776,-1.669719868488775,-0.2192679496527438,-1.0987972149572356,-1.6325116659989423
25,3700,48,-0.6283199062642033,-1.0845174670653985,-1.2014181888893445,-0.44551928585790695,-0.34274287756054267,-1.0385747644412713,0.973543576524578,-1.2494530951634284,-0.43508339754859443,-0.601645107695158,-0.26270867092939665,0.2035377993032928,-1.0987972149572356,0.6125530498969481
42,5062,68,-0.0438678903910655,-0.33923404372499033,-0.11164842849153982,0.752174465758969,0.4237367718403794,0.44960143907769445,0.675028347717633,-0.1356944211524122,-0.250216479237428,-0.3835201634208818,-0.12549626589483595,0.4875059369550033,0.3581403891754813,0.6125530498969481
50,3860,39,-0.8179928307605432,-0.33923404372499033,-1.3202628273561654,-0.8248132324389376,0.1424118724317926,0.44960143907769445,-0.5069333484712395,-1.1477182127095475,-0.5968513856813783,-0.019012808716357025,0.16974819996112453,0.581203208331948,0.3581403891754813,0.6125530498969481
40,3620,31,-0.8607730933120695,-0.2637884142137961,-1.2273816009701404,-0.9740319705249556,-1.2974147564820286,0.44960143907769445,-0.9606431574714017,0.6005650532112241,-0.17218743851993448,-0.1911203270674524,-0.3843871007626562,0.6852252469486607,-1.0987972149572356,0.6125530498969481
48,3000,61,-1.365592979179022,0.25645415555414425,-0.9517104153928455,-0.721640291085043,-1.1674301958517874,-0.22919460362735344,-1.7565250578392297,-1.481398373568703,-0.12055104982347017,-0.488944521318963,-1.2205368832175982,1.6541227110106291,-1.0987972149572356,0.6125530498969481
73,5900,73,-0.3347947210987923,0.7226458157909567,-1.0273153927462604,-1.3559697713457746,1.6114775799679804,0.7526774068770612,-0.7100928488284425,1.6789026453905742,-0.930509623619824,-0.8534518760234878,1.2772327683754365,-1.2984342148597396,1.8150779933081982,0.6125530498969481
43,4190,54,-0.6630173945723598,-0.2637884142137961,0.01989734488485875,-0.27170063894290325,0.0627145062529262,1.5536080293455437,-0.9606431574714017,-0.7494672137091747,0.5495374102901839,-0.019012808716357025,-0.17063178502208892,0.6956626676393577,0.3581403891754813,0.6125530498969481
38,4830,66,-0.5858753958239299,-1.626781013821947,-0.4938288954977178,0.9643233998613193,-0.05870817156231771,-1.0385747644412713,-0.007652219861956637,0.6902976719925955,0.15826329539749684,-0.9955858819980911,-0.256203370501499,0.7030715586606741,0.3581403891754813,0.6125530498969481
89,4200,62,-0.33564469683059606,1.548272359906457,-0.31334711031138657,-0.28009340678382877,1.3451696241042976,-0.7287469519120879,1.5363316530663562,0.6902976719925955,-0.930509623619824,-0.488944521318963,1.2116499685694821,0.008880451170797382,1.8150779933081982,0.6125530498969481
22,3500,35,0.3702274988812812,-1.2041414384332418,0.8404643944816431,0.18166184939151506,-1.8402230679700653,0.4370266767836637,0.5684121414963728,0.9692990979140862,1.3116354267818913,-3.780309948096807,-0.9912550775306529,1.237816320788867,-1.0987972149572356,-1.6325116659989423
63,3635,85,-0.37920279380223426,0.5776799288914051,-0.5333714638444965,-1.3559697713457746,0.4621398389290514,0.15066888923101077,0.3550234738183746,0.25767565625110594,-0.12055104982347017,1.231387019584252,-0.019585210066804647,0.14977759286553063,0.3581403891754813,0.6125530498969481
98,5910,99,1.8306360473599776,2.4524439222927676,0.8360158508578,-0.5061565996033315,1.981410306111448,0.8966657966142662,0.559075194090509,1.2632379969775114,-1.5221214688076337,1.6334479958237178,2.3305301541470484,-4.029960629857285,1.8150779933081982,0.6125530498969481
55,6200,96,1.0433904002673353,-0.2637884142137961,0.6634106276007491,0.9412284493768903,1.0005868453678388,-0.6142542982610626,-0.18659120676503163,-0.5579571392876599,1.0864302146786262,0.9411429344911897,-0.09001309276925232,-0.6518520840381169,0.3581403891754813,0.6125530498969481
60,3990,67,2.226298745812437,0.3133361961439687,2.065234685109402,1.7786220096058758,-0.09605583656555074,0.257019020518055,-0.2624172030280087,0.3410143789166372,1.040823052329025,-0.3835201634208818,0.057410379160673985,0.7668298958277545,0.3581403891754813,-1.6325116659989423
62,4970,58,-1.1139539295533878,0.47565884296982625,-1.2498570790773162,0.3147530959025511,0.2677926601421741,0.5119327663129969,0.9567527520563348,-0.4912534379026085,0.03258838544133381,0.9858994490492295,0.2587171655003691,0.08681234085794645,0.3581403891754813,0.6125530498969481
66,4140,80,-0.43157344614572807,-0.12094221917214973,-0.599233665091418,-0.9022691057091234,0.04316040253595542,-0.6142542982610626,-0.22417915188833787,-0.7494672137091747,0.5973594417391935,0.7990089285165864,-0.558405067831748,-0.3888981020250061,0.3581403891754813,0.6125530498969481
45,6140,86,0.7595551039557218,-0.49946894118390567,0.3632603571840616,0.4907911797800222,0.5006331677019721,2.4385556137203848,-1.7565250578392297,-0.6232192944825511,-0.48865480430561903,0.8477740600370556,0.12901315480587983,-1.1354180535607024,0.3581403891754813,0.6125530498969481
37,4110,62,1.1326936085948376,-0.6744109272506594,1.2929472324042721,0.21556995474047796,-0.9339268603208138,-0.22919460362735344,-0.5948985251933547,0.09569733284866454,1.3561294433902287,-1.1512760702749985,-1.9389815771081256,0.7575553539845039,-1.0987972149572356,-1.6325116659989423
29,4860,47,0.24076178143400673,-1.7978331880954055,0.38696832448440305,1.202980792828622,-1.770924973792436,0.44960143907769445,0.663567218360223,1.1635803366973685,0.9490194931800552,-1.3233835886260938,-0.3751179850996949,-1.9631037999176166,-1.0987972149572356,-1.6325116659989423
46,3735,74,0.08824773074776611,-0.19109950858549485,-0.598151614081356,-1.4079726500278762,0.8876420774712049,-1.0385747644412713,-0.5948985251933547,-0.1356944211524122,-0.8457496768946355,1.0718935453228027,0.6696059270201024,0.008415603154037641,0.3581403891754813,0.6125530498969481
66,6110,68,-0.8122434318233116,0.6270233788095004,-1.2033929563374506,-1.0365500942946195,0.9141252420783167,-1.3159168026019552,-0.550473254202004,1.3645882269351624,-1.2795288599936459,0.34549454598816776,1.4626718153826486,0.9395992751289203,0.3581403891754813,0.6125530498969481
80,5490,68,0.18520972865031457,1.1501937769220454,-0.4689973181040082,-0.9912281496306629,1.9910590659179963,-0.22919460362735344,-1.9594513468010926,0.6902976719925955,-0.5425747226939661,1.0294623131395182,1.408716170795275,-0.11231007041167951,1.8150779933081982,0.6125530498969481
38,5800,84,-1.3082589769265809,-0.4176946998854468,-1.3561288246467438,0.2952242791684142,0.6480837816681111,-0.6142542982610626,-1.0977621251970406,0.25767565625110594,-0.9589736432806009,1.0294623131395182,0.8015967825477367,1.0523940515727441,0.3581403891754813,0.6125530498969481
82,5976,70,1.0190310418743462,1.374993777959597,0.7881001855829337,-1.658361763019646,1.574283462969669,3.2825891675076333,-0.18659120676503163,1.467641878959388,0.38030884250552255,0.13667737956055104,1.37540489373315,0.5900257249092726,1.8150779933081982,0.6125530498969481
82,4768,77,0.3302764072170951,1.548272359906457,-0.3407797764203208,-1.0089401426438158,1.1570367062804472,0.12366360034857365,0.45655088685874945,1.2632379969775114,-0.8177024914772081,1.4110746470937963,1.0757286677847477,0.3296908761245627,0.3581403891754813,0.6125530498969481
31,5420,70,0.7290259948552849,-0.5849046607537626,0.3879977355418086,0.914701585981765,0.7653500535832432,1.0360807079976635,2.0209274843817377,0.8746535950171559,-0.4084259016153437,0.2788113855351543,0.7135737229763605,-0.4827291017620253,0.3581403891754813,0.6125530498969481
52,4100,64,-0.9831669114228417,0.25645415555414425,-1.0526687805139832,-1.3900837948934839,1.1570367062804472,-1.5119094047906834,-1.2442682362821473,0.6902976719925955,-1.22018114926161,1.4777578075468099,0.9284721944119864,0.7248839282713602,0.3581403891754813,0.6125530498969481
28,4860,81,-1.17936129041712,-1.7978331880954055,-1.3358082505847773,0.849941859466046,-0.01508306179876824,0.44960143907769445,-0.18659120676503163,-1.392393977623881,-0.43508339754859443,-0.019012808716357025,-0.6171083659278777,0.34414815040389946,0.3581403891754813,0.6125530498969481
54,4425,72,0.29995985054845514,0.19803987368047163,-0.25118682063722064,-0.21316481794747633,0.8019899920325411,-0.6142542982610626,-0.007652219861956637,0.6005650532112241,-0.22412911897517096,0.47121122188858366,0.282512854252009,0.386670850285873,0.3581403891754813,0.6125530498969481
50,4100,79,-0.5209804276467488,-0.12094221917214973,-0.5394495289192724,0.5278827188663587,-0.11329713689841309,-0.22919460362735344,0.45655088685874945,-0.20978440474634713,-0.8457496768946355,0.13667737956055104,-0.3048358347747962,1.1612832334846228,0.3581403891754813,0.6125530498969481
31,3362,68,-1.0307954322663384,-1.0845174670653985,-1.0390693172563112,-0.6283861383961893,-0.3166591231457777,0.44960143907769445,-1.3214798055473607,-0.28237352323745246,-0.6789541283407586,0.5306181538634841,-0.76367195691842,-0.31921606516062206,-1.0987972149572356,0.6125530498969481
20,6050,61,0.6563121331503674,-1.2041414384332418,0.13218509745718282,1.008127569020998,0.6089823530815689,-0.22919460362735344,-1.0144444682729057,-1.6057345224000523,0.621184811174139,-1.3233835886260938,-0.14944639468591667,0.6920693009318502,0.3581403891754813,0.6125530498969481
55,5220,90,0.09139881122043815,0.4228593760746721,-0.10912399167352865,0.7589060467809827,1.386441296986302,2.2538655167427746,-0.9606431574714017,0.25767565625110594,-0.14633148248231995,0.2788113855351543,0.7644783815650266,-0.6748340277684842,1.8150779933081982,0.6125530498969481
53,4600,81,-1.2914652580055257,0.25645415555414425,-1.2623190197425331,-0.14072124272825168,0.2511441271952387,0.12366360034857365,-0.48548409270739684,0.01703484187169807,-0.250216479237428,0.696881263144984,0.24507492051540725,-0.0496320603506397,0.3581403891754813,0.6125530498969481
70,4830,51,0.7848509163200413,-0.19109950858549485,0.9649575131121806,1.7538982837807287,-1.8112563614226775,1.5536080293455437,-0.831740799103585,-0.060091883356808096,1.8981817508098433,-1.7339083692537995,-0.40659059527900326,-2.532632697371791,-1.0987972149572356,-1.6325116659989423
79,4748,77,2.8229880628053405,0.6753287453312369,1.9459647445151604,1.7057405701743897,-0.7026779268500261,0.9808435903786037,1.0760740166967349,1.1635803366973685,1.333904627868098,-0.019012808716357025,0.5406264827823861,-1.356773117481754,-1.0987972149572356,-1.6325116659989423
79,4748,57,0.6728554579110178,0.19803987368047163,0.32998987968682814,0.9097322620602099,-0.7023699032627505,0.9808435903786037,1.0760740166967349,1.1635803366973685,1.1318449172048743,-0.7227012651918747,0.463101237970699,-1.5402339142480594,-1.0987972149572356,-1.6325116659989423
62,4748,58,1.1450543392019052,0.1379929544107909,0.7286976975908535,1.1826364700910974,-0.7026779268500261,0.9808435903786037,1.0760740166967349,1.1635803366973685,0.8564097284492161,-0.28448920152158647,0.8237403153221823,-1.9177845690097923,-1.0987972149572356,-1.6325116659989423
51,5780,82,0.3322597004438235,-0.33923404372499033,-0.08489100248516804,1.183823839266424,0.27964198004126445,-1.0385747644412713,-1.4016057555673218,-0.6232192944825511,0.23285911133526874,-0.28448920152158647,-0.45905820531020164,0.5096200269252782,0.3581403891754813,0.6125530498969481
48,4020,70,-0.5615412723540021,-0.972731667786928,-0.3407797764203208,0.09241998140341488,0.13014282232927557,-0.22919460362735344,0.45655088685874945,-1.5240531582747878,0.0578612934555406,-0.28448920152158647,-0.3328494024428312,0.3640466953127041,0.3581403891754813,0.6125530498969481
40,5400,97,0.2438428325877791,-0.6744109272506594,0.011188250723066999,-0.7561123349498996,0.7017919204959063,-0.6142542982610626,-0.14963079136594287,0.01703484187169807,0.15826329539749684,0.643318740239679,-0.6280984021063714,-0.038357622451748286,0.3581403891754813,0.6125530498969481
34,2625,58,0.818960614891444,-1.2041414384332418,1.545555892831452,1.3006186600480962,-1.8539297490760829,-1.5119094047906834,0.9387067124852371,-0.4912534379026085,1.1996123641074883,-0.9955858819980911,-1.8512163846354657,0.5823320012198849,-1.0987972149572356,-1.6325116659989423
36,3820,48,-2.045479161654492,-0.867676873013996,-1.5232207201768326,-0.19307867368286913,-0.3343981078496482,-0.6142542982610626,-0.3812772018018639,-0.28237352323745246,-0.3553625238528725,-2.2835393318336408,-0.33435568318459935,0.22049646941719708,-1.0987972149572356,0.6125530498969481
45,5050,69,-0.41192355283066173,-0.19109950858549485,-0.4466515645670518,0.18598865828906008,0.2344255283436202,-1.0385747644412713,0.05172500657449297,-1.1477182127095475,1.2893215220075742,0.34549454598816776,-0.37088526166852975,0.2777730324223892,0.3581403891754813,0.6125530498969481
45,4081,70,-0.523070772465956,-0.4176946998854468,-0.09475028223172122,-0.9022691057091234,0.5489673813859551,-0.22919460362735344,-1.4016057555673218,0.25767565625110594,-0.48865480430561903,1.0718935453228027,0.39593601073076873,0.7517989397658782,0.3581403891754813,0.6125530498969481
42,4250,67,-0.5367762845676514,0.012544204192919125,-0.9241820444327371,-0.25794229884583064,0.3102865577817636,0.44960143907769445,-0.48548409270739684,-1.3460179845367914,0.23285911133526874,-0.019012808716357025,-0.3647459983174665,-0.02346414886251148,0.3581403891754813,0.6125530498969481
33,5180,85,-0.6342094485939099,-0.972731667786928,-1.0857037011407664,1.2971725737137623,0.014148844162083918,-0.22919460362735344,-0.831740799103585,0.6005650532112241,2.934904988775743,-1.3233835886260938,-2.1046961629673464,0.48840324336676194,0.3581403891754813,0.6125530498969481
71,6350,83,0.4123590373836647,0.8144962912549336,0.28748321897180845,0.9174490323886001,0.6588806117068091,-1.5119094047906834,0.7078187571155072,0.6902976719925955,0.8564097284492161,-0.601645107695158,-0.054920864082151154,0.3280685278298941,0.3581403891754813,0.6125530498969481
52,4600,76,-1.7064634802962662,-0.2637884142137961,-1.4463638132448502,0.48888785093970066,0.538546706109194,0.7526774068770612,-0.48548409270739684,0.6902976719925955,-0.7065095991630403,0.7990089285165864,0.08013667059832041,0.5334002469618061,0.3581403891754813,0.6125530498969481
67,4730,67,0.6536126906719798,1.0296888476949615,0.842677986819801,0.8157777044043977,0.4237367718403794,1.5536080293455437,3.81124097304321,1.0656043502924986,-2.828674303956084,-0.019012808716357025,1.6679355100154267,0.8149126251585059,0.3581403891754813,0.6125530498969481
60,4514,98,-0.5714179144605619,0.1379929544107909,-0.27142981691844803,-1.4079726500278762,0.6545652233846636,-0.22919460362735344,0.4912429215254467,1.1635803366973685,-1.0739217798372562,0.7487430981377603,0.6868289478523674,0.541795031701849,0.3581403891754813,0.6125530498969481
35,3600,78,-0.5847551261141801,-0.768473675269448,-0.4105714136996246,-0.6283861383961893,0.2152318024408838,-1.0385747644412713,-0.7822591318815699,-0.5579571392876599,1.1770700285932776,-0.019012808716357025,-1.5218293455062644,1.1468491418404205,0.3581403891754813,0.6125530498969481
50,4130,75,-2.431564402220915,-0.05311907203067916,-2.1045427544522637,0.5404465746821491,0.09310267904364704,-0.22919460362735344,0.7203062079769135,-1.4375163915219222,-0.9875453814266576,1.0294623131395182,0.35259469690754,0.8144996139821334,0.3581403891754813,0.6125530498969481
64,5860,84,0.1584590373676201,-0.5849046607537626,-0.08000351020340361,-0.6889842338107853,0.7188345309434646,-0.22919460362735344,-0.9606431574714017,0.5124477851823425,0.15826329539749684,0.8951255085680089,0.4761440837603207,-0.16607541321359,0.3581403891754813,0.6125530498969481
73,3750,83,0.3085576170827415,0.7690207208177235,0.4345682856044261,-0.694309287317495,0.9906210769743672,0.12366360034857365,-1.5715860926720169,0.5124477851823425,-1.0450179270912512,0.7487430981377603,0.9335572542834669,-0.01843847128128937,0.3581403891754813,0.6125530498969481
38,5520,53,-0.0032035816267802666,-0.05311907203067916,0.03704882335510906,0.8244582066396593,-0.13482823435653962,-0.22919460362735344,-1.9594513468010926,-0.28237352323745246,-0.4618260387652622,0.20928980457225407,-0.25008111034790714,0.9040109141784601,0.3581403891754813,0.6125530498969481
35,3936,88,-0.8065293710478012,-0.33923404372499033,-0.637901228517088,-0.37689610893187386,0.22723878076167214,-0.22919460362735344,-0.5948985251933547,-1.1477182127095475,-0.4084259016153437,0.7487430981377603,0.03620263546184311,0.7011280460678576,0.3581403891754813,0.6125530498969481
65,4624,55,-0.6927571105204806,-0.6744109272506594,-0.10786453887796293,0.502111266263199,0.22963581213625453,0.44960143907769445,-0.8468087346514069,1.6789026453905742,-0.043655143285563025,-0.3835201634208818,0.1593046533408742,0.5256548549648711,0.3581403891754813,0.6125530498969481
52,3952,98,-1.1688407472575961,-0.05311907203067916,-1.1143624265807972,-1.1507160945452137,0.1607436883483082,-1.0385747644412713,-1.3372646171746043,-2.32584996579349,-0.22412911897517096,-1.1512760702749985,0.15732135635104058,0.26085686514922973,0.3581403891754813,0.6125530498969481
69,6300,60,-1.5612445059649591,0.25645415555414425,-1.4688665677704167,-0.27448654623299,0.1362821565272364,-0.22919460362735344,1.0664517666868942,-0.9283307329438812,-0.7065095991630403,1.3766836801623437,0.3326309800566425,0.6858990294823579,0.3581403891754813,0.6125530498969481
52,4690,56,0.8714476908710376,-0.2637884142137961,0.7890954192905253,0.7419671210529585,-1.4912463226655415,0.44960143907769445,0.3855304303022255,-0.4912534379026085,0.9720449849419147,-0.10280094841912382,-1.492178329737236,-1.386027460391916,-1.0987972149572356,-1.6325116659989423
76,3700,61,0.03900118363451219,0.5776799288914051,0.45714667286437616,0.11182218825857136,-0.4570212155969449,0.25044882610032415,0.6571749645255123,-0.4912534379026085,0.20805976907672294,-0.1911203270674524,0.31575712412915413,0.5675115553117477,-1.0987972149572356,0.6125530498969481
70,5110,41,1.5529814262512436,-0.2637884142137961,1.7814647934225105,2.0334626565953955,-0.4147381473745046,0.5242920897365386,1.4597682931085838,0.9692990979140862,1.333904627868098,-1.515783424979524,-0.15864088609362917,-0.0018914340999885851,-1.0987972149572356,-1.6325116659989423
73,5928,100,0.8295126659532778,0.8591123720558881,0.703560793135954,-0.5819923517098765,0.835008919022907,0.6339700079371658,0.12257708755112048,0.8746535950171559,0.007245147886748601,-0.019012808716357025,0.6265873133132985,-0.3772699807534504,0.3581403891754813,0.6125530498969481
82,6694,83,-0.14631823813228156,1.514531847671769,-0.6781964875177117,-0.694309287317495,1.8838544256866507,0.44960143907769445,-1.0977621251970406,0.9692990979140862,-2.2757615951837606,-0.10280094841912382,1.2718852721740321,-1.2951973889443846,1.8150779933081982,0.6125530498969481
65,5000,55,-0.3554195960124613,-0.2637884142137961,0.024218241171374073,-0.2972019675334946,-0.4315349946892218,3.1807271510990205,0.5922469197566411,1.467641878959388,0.5495374102901839,0.47121122188858366,-0.5609570954521237,-0.8608234292812997,-1.0987972149572356,0.6125530498969481
51,5900,52,-0.9883416514249677,-0.33923404372499033,-1.502199859741275,-0.7272538841097257,-0.25605278437406587,-0.22919460362735344,0.4397081364603263,-1.5240531582747878,-0.5425747226939661,0.2788113855351543,0.03955301857300389,-0.27029545708802344,0.3581403891754813,0.6125530498969481
83,7350,73,-0.6085738034593213,1.6144757210802627,-1.3838278284984231,-2.028489116527091,1.5325467164599382,0.44960143907769445,-0.831740799103585,1.6789026453905742,-1.5841549225823564,1.1929497028195202,1.6684027996412933,-0.05269343181828984,1.8150779933081982,0.6125530498969481
82,4875,66,-0.29329191090655765,0.9459121453121648,0.03757918532039626,0.4812260334227036,0.6413757165310602,0.44960143907769445,0.0766966911087716,0.25767565625110594,0.7159264724323372,0.060686441260878146,0.5168779279036426,0.7612159354019669,0.3581403891754813,0.6125530498969481
72,4375,89,0.25258534964907037,0.25645415555414425,0.46772626280880886,0.01816909685153841,0.6750238258559333,-0.22919460362735344,0.45655088685874945,0.25767565625110594,-0.43508339754859443,-0.28448920152158647,0.4726613226772952,-0.12785129095070955,0.3581403891754813,0.6125530498969481
36,6484,64,0.9429135634690603,-0.5849046607537626,0.8063838390011773,1.0279763910974948,0.49390607097335004,0.7526774068770612,-0.3812772018018639,0.17590711389826053,0.1332649014169342,-0.3835201634208818,0.45041849576360304,0.21860517528585827,0.3581403891754813,0.6125530498969481
56,4180,71,-0.5199370532617769,0.012544204192919125,-1.023981671216556,-0.2914502513632972,0.3196686173908399,-1.5119094047906834,1.0664517666868942,-0.7494672137091747,-0.7065095991630403,1.0294623131395182,0.44687689853523455,0.6895001929484448,0.3581403891754813,0.6125530498969481
53,3504,72,1.1499160787312133,-0.768473675269448,0.959550141898649,-0.0731450638483326,-0.5714816336528199,-0.6142542982610626,0.7203062079769135,0.09569733284866454,1.1770700285932776,-0.601645107695158,-0.6280984021063714,-1.2447396109936282,-1.0987972149572356,-1.6325116659989423
70,3600,58,-1.0676923668614535,-0.05311907203067916,-0.5517248463097829,-0.6630195489235102,-0.7648398586414817,-0.22919460362735344,1.0664517666868942,-1.094880026424442,-0.17218743851993448,-0.10280094841912382,-0.3662788831444252,0.5247722737567625,-1.0987972149572356,0.6125530498969481
68,5100,100,0.5583228139676683,0.012544204192919125,0.36042297525651323,0.3913281850542212,0.2152318024408838,0.28972012752516596,-0.2053053555016761,0.01703484187169807,0.0578612934555406,1.231387019584252,-0.07237775097556177,-0.6424456417672791,0.3581403891754813,0.6125530498969481
31,3880,47,-1.222641827890807,-1.2041414384332418,-1.1401016856010957,-0.10067963175366583,-0.17932884992884388,-0.4173081667300912,-0.2053053555016761,-1.7894061555299154,-1.9036274414904173,-0.1911203270674524,0.28932188390791724,1.0617669129675793,0.3581403891754813,0.6125530498969481
53,6950,79,-0.45262776434261004,-0.05311907203067916,-0.5223295887704754,-0.45279577970094953,1.3377930819000552,-0.22919460362735344,-0.007652219861956637,-0.060091883356808096,-1.3695004894439946,0.8477740600370556,1.1778949762804038,0.22266159842964445,1.8150779933081982,0.6125530498969481
57,4980,70,-0.4401274258152118,0.19803987368047163,-0.5506957651927539,0.37597020017488364,0.32201070401890103,0.12366360034857365,0.3122051961280074,-0.6232192944825511,0.47736869024981116,0.9858994490492295,-0.3453136948940066,0.7573674852694278,0.3581403891754813,0.6125530498969481
35,3064,48,-1.2843567012088433,-0.867676873013996,-1.283416986199425,-0.13615489828360308,-0.24654493376420988,-0.22919460362735344,0.7203062079769135,-0.6232192944825511,0.23285911133526874,-1.515783424979524,-0.17545112803170965,1.145534215031597,0.3581403891754813,0.6125530498969481
62,5970,81,0.8872701202014993,0.07620224590010746,0.22630715487315042,-0.15460623362821796,1.7859617765642195,-0.22919460362735344,-1.0977621251970406,0.8746535950171559,-0.3026284436876273,0.643318740239679,1.2794433361044735,-0.7582833114086404,1.8150779933081982,0.6125530498969481
88,6390,90,0.5473382474836732,1.3022664532279353,0.28981940002569184,-0.7502317576043798,1.804365188179075,-0.22919460362735344,-0.2817874147283941,1.3645882269351624,-0.9589736432806009,1.3056502891957145,1.9048062344810974,-1.364560060595839,1.8150779933081982,0.6125530498969481
37,2190,67,0.510289242932976,-0.867676873013996,1.1847604028803447,0.7923652481466137,-2.0597754697246597,-0.22919460362735344,1.0340854665631534,-1.094880026424442,0.2822630870249347,0.643318740239679,-1.5197951194653279,1.1931856919173836,-1.0987972149572356,-1.6325116659989423
43,3540,45,0.3218958086899084,-0.4176946998854468,1.133722862376778,0.8792484284109222,-1.6730878145462138,-3.4094059453370256,1.221831296504819,-0.4230962065588109,0.7864078276084665,-1.3233835886260938,-1.0184353103807786,0.49580671899470047,-1.0987972149572356,-1.6325116659989423
50,2619,53,-0.6521082746315597,-0.2637884142137961,0.458086113222836,0.4283890725211731,-2.094801585568201,-0.6142542982610626,-0.33694699177595056,-1.392393977623881,1.3561294433902287,-1.1512760702749985,-2.0007340874946844,0.7402121318280355,-1.0987972149572356,-1.6325116659989423
38,4124,43,-1.4156622262596026,-0.4176946998854468,-0.972067692102322,-0.5864818062904431,-0.10545044905563535,0.6339700079371658,0.862734590826136,-1.094880026424442,1.1318449172048743,-0.8534518760234878,-0.0626576399076001,0.9263988238715478,0.3581403891754813,0.6125530498969481
40,3598,43,0.41989670266023144,-0.867676873013996,1.072658693177838,1.4113477472292013,-1.3599443666311688,-3.0808031470465225,1.2870398345795135,-0.060091883356808096,0.6449537276656453,-1.3233835886260938,-0.3126360549962294,0.7975385132705489,-1.0987972149572356,-1.6325116659989423
69,5078,72,0.8888965242235662,0.9029060992795953,0.8985451877342987,0.08748542507226617,0.6636224056253339,0.296230603633638,0.8439328178215573,0.5124477851823425,-0.09484535878691201,-0.1911203270674524,0.9709396056342338,0.38347150923109086,0.3581403891754813,0.6125530498969481
32,2500,71,-0.36943731408088426,-0.972731667786928,-0.0471373383037216,0.6997460345745065,-0.8090303493988384,-1.0385747644412713,-0.3812772018018639,-1.6057345224000523,0.5014836937996878,-0.601645107695158,-1.782527036980783,1.7214721572963374,-1.0987972149572356,0.6125530498969481
37,2590,56,1.1928021925298717,-0.6744109272506594,1.6360150705160172,1.6298472710186849,-1.648196767844163,-0.22919460362735344,0.25177778826198577,-0.4912534379026085,1.4225407001032166,-0.8534518760234878,-1.848867906724182,0.7608343539821754,-1.0987972149572356,-1.6325116659989423
33,2750,51,-0.4109984258968238,-0.867676873013996,0.1226718338703392,0.31113086035934406,-1.8424294119400952,0.44960143907769445,0.8415717373866589,-0.4912534379026085,0.6449537276656453,0.7487430981377603,-0.6853714445615338,1.01330591645645,-1.0987972149572356,-1.6325116659989423
27,3736,36,-1.6062155054081568,-1.0845174670653985,-1.270708409945612,-0.11597494630920409,-0.6640800050053582,-0.7787983205995127,0.6584548487670904,-0.35347352257287784,-0.22412911897517096,-0.7227012651918747,-1.3723144124588036,1.6578993154752482,-1.0987972149572356,0.6125530498969481
66,3532,52,-2.045479161654492,0.25645415555414425,-1.5473521170315898,-0.5021953986806045,-0.7679775314726306,0.12366360034857365,0.45655088685874945,-1.5240531582747878,-0.5425747226939661,-0.7227012651918747,-0.1973026680435127,-0.13079571285238953,-1.0987972149572356,0.6125530498969481
77,4675,67,-0.2451355840660426,1.0296888476949615,-0.4899652184772996,-1.1741414143251225,0.4601038015829847,0.44960143907769445,-0.2817874147283941,0.6005650532112241,-0.6789541283407586,0.9411429344911897,1.0145124645762944,-0.09393108454640224,0.3581403891754813,0.6125530498969481
45,2800,89,-1.7397611609860317,-1.2041414384332418,-1.3380473725683333,-0.15460623362821796,-0.4101964618018934,0.44960143907769445,-0.5948985251933547,-1.5240531582747878,-0.8738990280930917,1.1535860970634626,-0.5669252096684048,-0.24951057817445907,-1.0987972149572356,0.6125530498969481
83,5565,65,0.7597929291157753,1.1501937769220454,0.06316247116920436,-0.6837042616691059,-0.8313414029239493,0.8108421981673638,1.4597682931085838,-0.1356944211524122,-0.3553625238528725,-0.10280094841912382,0.42856772559235057,-2.8146119066263044,-1.0987972149572356,0.6125530498969481
32,3550,49,-1.4514722387675145,-0.6744109272506594,-0.22130436128755068,0.029011606226874504,-0.3538989000342419,-1.1748916401212497,-1.19925094943951,-1.8227310098814986,0.38030884250552255,-1.1512760702749985,0.6403740388419801,1.5386147896926674,-1.0987972149572356,0.6125530498969481
45,4927,78,-0.07438448187889048,-0.867676873013996,-0.09661155750627903,-0.5687111330584822,0.13161714176266778,-0.22919460362735344,-0.2817874147283941,0.7816568116943878,0.9259436201670271,0.7990089285165864,0.38981734163491427,0.917440083975485,0.3581403891754813,0.6125530498969481
51,5450,64,-1.5996636524351824,0.4228593760746721,-1.896599640326984,-2.2624229781868515,1.3359470725190887,-2.3464134119857327,-0.831740799103585,-0.6870519494859656,-1.9036274414904173,0.47121122188858366,1.377446398926897,0.7737841282915572,1.8150779933081982,0.6125530498969481
51,5600,66,-0.15460783956832744,-0.33923404372499033,-0.09723287882453231,0.4547748843306873,0.15952422946725292,-1.0385747644412713,-0.831740799103585,-0.060091883356808096,0.15826329539749684,0.643318740239679,-0.16616846827358214,0.20985125177266403,0.3581403891754813,0.6125530498969481
56,5730,85,0.49277346425816065,0.4228593760746721,-0.02915653247906142,-1.1507160945452137,1.7876377464578235,0.7526774068770612,-0.7700634020847932,1.0656043502924986,-0.6241261617099947,1.0718935453228027,1.2978847122133252,-0.5838458128602707,1.8150779933081982,0.6125530498969481
25,4270,40,-2.1644589572563944,-1.991623129577312,-1.5747885639187171,0.3442634149234432,0.3916464168528553,-2.0483080496073764,-1.7565250578392297,-0.35347352257287784,0.15826329539749684,-1.3233835886260938,0.23023227463147655,0.7955054245933539,0.3581403891754813,0.6125530498969481
80,6354,78,0.4559241753728693,0.6753287453312369,0.34099547651362133,-0.19060927051232365,0.7825578135290102,0.6339700079371658,0.5710728148990957,0.6005650532112241,0.5495374102901839,-0.1911203270674524,0.3377089849159631,-0.9345881852129093,0.3581403891754813,0.6125530498969481
73,4730,63,-0.17425754410301708,0.9459121453121648,-0.36569649482837024,-0.2943199092245855,-0.8959060608122661,0.8966657966142662,0.0766966911087716,0.6005650532112241,-0.5968513856813783,0.2788113855351543,0.5143920055324126,-1.552766408586097,-1.0987972149572356,-1.6325116659989423
60,3858,72,-0.24590443840849815,0.5272445442404744,0.1499612297579822,0.13689545481892254,-0.33217604045219784,1.0360807079976635,0.7647048434362497,0.09569733284866454,0.5734771377015533,-1.515783424979524,-0.25656415671425525,0.501108859876381,-1.0987972149572356,0.6125530498969481
56,4450,88,-0.17852549477540508,0.36877700770497285,0.05020788144685953,-0.7502317576043798,0.525205320806295,-0.8209747619128162,-0.18659120676503163,-0.28237352323745246,0.30686892312721825,0.9858994490492295,0.05469859984706637,1.2574475989665437,0.3581403891754813,0.6125530498969481
17,3650,45,-0.8790659402227905,-1.473054451276509,-1.2770438678460816,-1.2934851488090782,-1.5426640334792197,0.44960143907769445,-1.4016057555673218,-1.9161399642376822,0.03258838544133381,-1.3233835886260938,0.002950432938243842,0.9900426868816565,-1.0987972149572356,0.6125530498969481
27,5700,67,-0.6017049745202295,-1.2041414384332418,-0.5496678074627818,0.5811669485935346,-0.33995917564912786,-0.22919460362735344,0.7817410839239779,-0.6232192944825511,0.5495374102901839,-0.601645107695158,-0.7114311672619981,-0.269443181686062,-1.0987972149572356,0.6125530498969481
34,5200,59,-1.254146370193046,-0.49946894118390567,-1.283416986199425,0.08913409579724563,0.8998852924398955,-0.6142542982610626,1.221831296504819,-1.199238322126377,-0.7897561601567338,-0.1911203270674524,0.4302411812328034,1.0412427498106844,0.3581403891754813,0.6125530498969481
69,4565,73,-0.0323145616647638,0.7226458157909567,0.059555462092445895,-0.8381790084362992,0.5639977028720312,0.44960143907769445,0.2594205297677627,0.6902976719925955,-0.3553625238528725,0.34549454598816776,0.5030408285179029,0.27975279653676416,0.3581403891754813,0.6125530498969481
93,5680,79,0.08666789306854829,1.3022664532279353,-0.4105714136996246,-1.8298731617089106,1.4723661123632086,-0.6142542982610626,-0.9606431574714017,0.6005650532112241,1.222108344767349,0.8477740600370556,0.9890900989515629,-0.2753551192028361,1.8150779933081982,0.6125530498969481
65,4351,64,0.8295126659532778,-0.05311907203067916,0.8026871281722465,0.5377717970498993,-2.4549598858849975,1.0960530696506436,-0.14048620595181638,0.8746535950171559,1.333904627868098,-1.515783424979524,-1.1958640745303721,-2.40831075951131,-1.0987972149572356,-1.6325116659989423
69,6172,97,0.7437047920491107,0.07620224590010746,0.08897941740745142,0.6695150890881191,0.5318814148129978,-0.3790064844169328,-0.831740799103585,-0.20978440474634713,-0.22412911897517096,0.696881263144984,-0.3137531231165552,-0.7897422762628755,0.3581403891754813,0.6125530498969481
61,4355,74,1.849281788432274,-0.5849046607537626,1.460031329876521,0.8705694394243594,-0.9783909818319574,1.0360807079976635,0.5389373745605943,1.2632379969775114,0.8564097284492161,-0.28448920152158647,0.19349096498005725,-0.45578489061383226,-1.0987972149572356,-1.6325116659989423
94,4598,80,1.902860246359345,1.6144757210802627,1.3345207146241245,0.44876794921214425,-0.9783909818319574,1.0360807079976635,-0.3812772018018639,1.6789026453905742,0.995020485992735,-0.3835201634208818,-0.11647402489726985,-2.180804959421123,-1.0987972149572356,-1.6325116659989423
100,4731,56,1.934048298027924,0.6753287453312369,1.676844672155481,1.5691691808080093,-0.9783909818319574,1.079777586669213,-0.47059364790864255,1.3645882269351624,-0.06921364143108524,-0.3835201634208818,0.6892441478728561,-0.7164801708821787,-1.0987972149572356,-1.6325116659989423
66,4712,57,1.7863603747954113,0.19803987368047163,1.4297507236217932,0.9374922384855371,-0.9783909818319574,0.44960143907769445,-0.007652219861956637,1.2632379969775114,-0.9021518863751771,-1.515783424979524,1.1231224297182354,-1.2920441516015004,-1.0987972149572356,-1.6325116659989423
34,4460,49,1.3415407069178702,-1.626781013821947,1.0315265544875447,0.943886560160843,-0.9783909818319574,-0.22919460362735344,-1.0836490146237971,0.09569733284866454,1.222108344767349,-0.488944521318963,-0.6668406807797773,-1.7570796523026286,-1.0987972149572356,-1.6325116659989423
70,4810,63,1.4189414712458808,-0.49946894118390567,1.1784765064917881,0.6254175275588524,-0.9783909818319574,-0.22919460362735344,0.45655088685874945,0.25767565625110594,1.8769734548205472,0.13667737956055104,-1.3907775331211751,-1.2069154419293988,-1.0987972149572356,-1.6325116659989423
29,4040,42,1.07287710176466,-1.473054451276509,1.2499183886203395,1.2601087892710834,-0.9783909818319574,0.12366360034857365,0.043338678820573046,-0.28237352323745246,1.15448099537168,-0.7227012651918747,-0.307803380825593,-0.5847587973795416,-1.0987972149572356,-1.6325116659989423
40,4680,53,1.407163486657948,-1.7978331880954055,0.9184540854012653,0.01634560761381243,-0.9783909818319574,0.6339700079371658,0.11608006940211649,0.25767565625110594,0.9490194931800552,-0.1911203270674524,-1.2169946134274265,-2.0461777936479044,-1.0987972149572356,-1.6325116659989423
48,4420,66,0.9981827530464736,-0.867676873013996,0.7538142127712115,-0.07731029512284424,-0.9783909818319574,0.5733801243165285,0.42982502821844604,0.6902976719925955,0.5973594417391935,-0.9955858819980911,-0.7542405906553046,-1.178255007277525,-1.0987972149572356,-1.6325116659989423
93,4170,76,1.4789740600804513,1.4803479884652575,0.92648504367778,-0.5061565996033315,-0.9783909818319574,0.44960143907769445,-1.2442682362821473,0.17590711389826053,1.244558309119232,0.4095619963667674,-1.1286125511079583,-1.4716028469047506,-1.0987972149572356,-1.6325116659989423
53,4240,53,1.459507698836959,-0.33923404372499033,0.8576172367905969,1.00271850206878,-0.9783909818319574,0.12366360034857365,0.45655088685874945,0.9692990979140862,0.35589122750062535,-1.3233835886260938,-0.6776664383562125,-2.157916891228818,-1.0987972149572356,-1.6325116659989423
40,4176,65,1.1093939066627867,-1.3330274833513367,0.9172989932875704,0.2196986185995941,-0.9783909818319574,0.44960143907769445,0.28219421599902045,0.6902976719925955,0.9720449849419147,-0.28448920152158647,-0.884511184810382,-0.6885675167292421,-1.0987972149572356,-1.6325116659989423
51,4660,59,0.6137359440855941,-0.5849046607537626,0.6346084824994322,-0.22602859273297324,-0.8828942952654918,-0.22919460362735344,-0.3812772018018639,-0.4912534379026085,0.30686892312721825,-0.1911203270674524,-0.7570652537230218,-0.13782155649778083,-1.0987972149572356,-1.6325116659989423
33,4760,46,0.25432320887906396,-1.991623129577312,0.28943051544047715,0.9842541902497176,-0.9783909818319574,2.916017284124798,0.2548380018199914,1.6789026453905742,0.25759334859915606,-1.3233835886260938,-0.07856227609415521,-1.0232005345405353,-1.0987972149572356,-1.6325116659989423
59,4710,90,0.2442820810499302,0.19803987368047163,-0.26463085769861344,-0.4312059738755724,1.3322527997760976,-1.0385747644412713,-0.831740799103585,0.3410143789166372,0.007245147886748601,1.0294623131395182,0.5583058534635347,-0.17382352004918422,1.8150779933081982,0.6125530498969481
68,6000,61,-1.2270795604096665,0.6753287453312369,-1.4866907469548134,-1.1985700260580425,1.0204503919613213,-0.22919460362735344,-1.4016057555673218,1.572409762644023,-2.1376362729688485,1.44475647114785,1.7214010175504884,0.8380573423799045,0.3581403891754813,0.6125530498969481
67,6870,67,1.64196654429776,0.25645415555414425,1.4582191271318996,-0.6332185184089396,1.147419281351507,0.6639513465461991,-0.46424287834485456,0.17590711389826053,-0.6789541283407586,-0.601645107695158,1.1981438371992328,-0.36719635838691744,0.3581403891754813,0.6125530498969481
41,3410,53,-1.8427375389751803,-0.33923404372499033,-1.8856391729747428,-1.2373062479710122,-0.5697016908076236,-1.0385747644412713,0.45655088685874945,-0.8104772611976783,-1.0450179270912512,-0.3835201634208818,-0.41405167219762185,-0.23716504713706033,-1.0987972149572356,0.6125530498969481
60,2964,46,0.9115288890098884,0.36877700770497285,-0.7928756937518197,-0.6235905241576438,-1.2878473531290051,2.4385556137203848,0.3122051961280074,-1.4375163915219222,0.40466484905643485,-1.515783424979524,-0.9896674010694579,-2.7692131472192787,-1.0987972149572356,0.6125530498969481
80,4000,98,0.08719482495164221,0.9029060992795953,-0.054792281015552044,-0.8381790084362992,0.25471754310896433,-0.6142542982610626,0.0766966911087716,-1.2983753500580535,0.0830645638304953,0.7990089285165864,-0.03859499735607172,-0.8817800126741949,0.3581403891754813,0.6125530498969481
29,3640,36,-1.9528843614414242,-1.626781013821947,-1.8640188109685512,-0.21828095609480452,-0.8090303493988384,-1.0385747644412713,2.061986065401374,-1.094880026424442,-1.3695004894439946,-0.28448920152158647,-0.8290283365346823,0.25546050323242964,-1.0987972149572356,0.6125530498969481
85,3412,69,1.9034682499601776,1.2273850455284776,2.1713038027311127,1.4831034831862213,-1.4912463226655415,0.44960143907769445,1.2158116762155362,0.7816568116943878,2.1082507547381426,0.643318740239679,0.0168849682909149,-0.13724506434644135,-1.0987972149572356,-1.6325116659989423
47,3122,43,-1.0886159075924666,-0.12094221917214973,-0.4624238730934078,-0.5557012352251401,-1.5990288354894489,0.44960143907769445,-1.2442682362821473,0.5124477851823425,0.8564097284492161,-0.28448920152158647,-0.7669836450552813,1.1042507667611514,-1.0987972149572356,-1.6325116659989423
64,3320,64,0.8459466419622028,0.5272445442404744,0.9271364441392262,0.43762840093604244,-0.3847547959295772,0.7526774068770612,1.4597682931085838,0.9692990979140862,0.23285911133526874,0.2788113855351543,0.2163464034621442,0.03377233310726897,-1.0987972149572356,0.6125530498969481
57,3410,50,-1.152245604817201,0.19803987368047163,-0.8102200987619124,0.1536363248892522,-0.5697016908076236,-0.3034345771957162,0.7203062079769135,-1.4375163915219222,-0.0181691230182655,0.34549454598816776,-0.5072473790267928,0.7086557356879205,-1.0987972149572356,0.6125530498969481
85,3360,10,0.8977841270140314,-0.6744109272506594,1.0068522974271439,1.5633690716498796,-0.5667371044636494,0.44960143907769445,0.7203062079769135,-0.4912534379026085,1.040823052329025,0.13667737956055104,-2.821994352340802,-0.0006276084901261414,-1.0987972149572356,-1.6325116659989423
44,3484,43,-0.9746050725961611,-0.33923404372499033,-0.46429724512425885,0.09569071633753531,-1.0288789635676352,0.44960143907769445,0.8415717373866589,0.09569733284866454,0.15826329539749684,-0.9955858819980911,-0.15659349686459603,0.6758492505194044,-1.0987972149572356,0.6125530498969481
36,2439,84,-0.06744098301739594,-0.972731667786928,0.08997563102792065,-0.0899589110850423,-0.8090303493988384,-1.0385747644412713,-0.8849448524441507,1.0656043502924986,0.7864078276084665,-0.1911203270674524,-0.22331900456752277,0.5514775764210138,-1.0987972149572356,-1.6325116659989423
31,4958,60,-0.3171288144353537,-0.6744109272506594,-0.9610553969776774,-0.5304503828713003,0.30370601093351696,1.0360807079976635,0.23641393778204187,-0.4230962065588109,-0.5968513856813783,-0.28448920152158647,0.22398473987836023,0.5248814318233085,0.3581403891754813,0.6125530498969481
21,3800,39,-0.6201375737106215,-1.991623129577312,-1.18575138999386,0.025416014696842598,-0.6446369254313375,0.44960143907769445,-0.007652219861956637,-0.5579571392876599,1.222108344767349,1.1535860970634626,-1.5116766930690697,0.8279163675814561,-1.0987972149572356,0.6125530498969481
81,4450,70,-0.7260963939035003,1.514531847671769,-0.8486430137583105,-1.0856771595189671,0.2392094638614887,-0.22919460362735344,-0.3812772018018639,0.7816568116943878,-0.4618260387652622,1.1929497028195202,0.48285505193514044,1.45260677884351,0.3581403891754813,0.6125530498969481
94,5411,81,1.0269476555150763,1.4457068812376719,0.9436971753162859,0.6512543948436128,-1.3905438294422738,1.0360807079976635,-0.3812772018018639,0.4259346495311623,0.1332649014169342,-1.7339083692537995,0.02703127537779464,-1.9616422465827439,-1.0987972149572356,-1.6325116659989423
40,4350,65,-0.2314084757837968,-0.768473675269448,-0.7044153762479796,-0.7329188116093822,-0.12220977454924682,-0.47152493711499494,0.19439905273478492,-1.644788026270866,-0.2763826353397781,0.34549454598816776,-0.2739678820120519,0.8590576945569994,0.3581403891754813,0.6125530498969481
84,5690,91,0.5872214750837064,1.1106782881401163,-0.06670494037029921,-0.20054132061807622,1.8026950754757654,-0.22919460362735344,-1.1551642114455378,1.2632379969775114,-0.930509623619824,1.44475647114785,1.636365469931965,-1.0813043418270203,1.8150779933081982,0.6125530498969481
49,6430,96,-1.8853559916102354,-0.33923404372499033,-2.252767297436135,0.4158892447449324,0.35976342735151623,-0.22919460362735344,-0.5948985251933547,0.9692990979140862,-1.5530655010797432,1.0294623131395182,0.8104958464425476,0.12417233405067438,0.3581403891754813,0.6125530498969481
41,5208,78,-2.000559157874319,-0.5849046607537626,-1.602910498094004,0.30505375137088064,0.2654185600150788,0.12366360034857365,-1.7565250578392297,-0.28237352323745246,-0.930509623619824,0.47121122188858366,0.3293215174451073,0.5877564781535826,0.3581403891754813,0.6125530498969481
93,5150,93,0.37777197289311915,1.6790569287773105,0.13171204767915257,-0.7502317576043798,0.5474170329275875,-0.22919460362735344,-1.7955587088102116,1.2632379969775114,-1.161322711796831,0.060686441260878146,1.261912071622771,0.018794836291012335,0.3581403891754813,0.6125530498969481
75,5950,74,1.3108701902699538,1.1501937769220454,0.9068137147418142,1.0298871131062568,1.8409611002200534,-1.5119094047906834,-0.831740799103585,1.467641878959388,-1.3093907999241707,0.13667737956055104,1.5238657445286337,-0.1239390605091883,1.8150779933081982,0.6125530498969481
34,3400,52,-0.9183662010257131,-0.972731667786928,-0.6983938293123918,-1.211189781762898,-0.6144713011269085,-0.6142542982610626,-0.831740799103585,-0.8104772611976783,1.8557276207949025,0.5879401964775927,-1.6245426270447454,-1.0385640967189325,-1.0987972149572356,0.6125530498969481
59,3395,65,0.3162626291529087,-0.2637884142137961,0.41395992856087066,-0.5141529033467143,-0.9171578511306657,0.44960143907769445,0.3491656002566591,-0.5579571392876599,-0.43508339754859443,-1.515783424979524,0.6265873133132985,0.401220991466221,-1.0987972149572356,0.6125530498969481
45,2950,64,-1.17936129041712,-1.3330274833513367,-1.2416292145616148,-0.8587961830100914,-0.5845619581984869,-0.22919460362735344,-1.4016057555673218,0.5124477851823425,0.0578612934555406,-1.1512760702749985,-0.5652181185300663,0.316039497202013,-1.0987972149572356,0.6125530498969481
84,6204,88,0.7062526533284442,1.2273850455284776,0.033859568509053584,-0.6047642301072249,1.7896481341489057,-0.6142542982610626,-0.33296090093579234,1.2632379969775114,-0.6241261617099947,1.4777578075468099,1.351862223040765,-1.7487682820367652,1.8150779933081982,0.6125530498969481
48,2394,56,0.9843997751079164,-0.768473675269448,1.2634072348988186,0.9997527921623484,-0.8718735419062877,-0.0987631364525978,0.9454905473190383,-0.28237352323745246,1.2669625914791942,-0.488944521318963,-1.0264983763893725,-0.9711025806677062,-1.0987972149572356,-1.6325116659989423
35,5175,33,0.10182057306711446,0.012544204192919125,1.1803572127717512,1.8960902946938596,-1.7748036637248292,1.302364976162053,1.271398499406051,1.2632379969775114,-2.0698170551140307,-0.28448920152158647,1.462001044862405,-0.3112668066424256,-1.0987972149572356,-1.6325116659989423
65,3300,39,0.6375048720200309,0.07620224590010746,1.4466562581466997,1.0279763910974948,-1.5315158934069486,-0.22919460362735344,1.0664517666868942,0.6005650532112241,0.23285911133526874,-0.9955858819980911,-0.5840809747044409,1.4544269184998055,-1.0987972149572356,-1.6325116659989423
100,6246,78,2.1540767852391047,2.570900058930502,1.8904701074061252,1.2492110406897872,0.4141362996776661,0.6699229210396064,0.993532561777505,1.3645882269351624,0.47736869024981116,-0.9955858819980911,1.1541717918852843,-2.256259410353627,0.3581403891754813,-1.6325116659989423
100,5302,66,1.9681957121707347,2.3289850936935363,1.6123816807372355,0.621425963924429,0.49928863075783714,1.5044759211039478,0.862734590826136,1.2632379969775114,0.5495374102901839,-0.8534518760234878,1.4143155838685055,-0.4117737167333926,0.3581403891754813,-1.6325116659989423
60,4234,46,1.3052175435901798,0.07620224590010746,1.593611547948348,2.2468793463130954,-0.9557531780269051,1.0360807079976635,0.5922469197566411,1.467641878959388,1.9193527444940255,-1.1512760702749985,-0.6179852552429089,-2.199632657969515,-1.0987972149572356,-1.6325116659989423
43,3540,57,-0.8325237385463079,-0.12094221917214973,-0.9928406465373614,0.3858796400925126,-0.11067976598596968,-1.0385747644412713,-0.9606431574714017,-1.4375163915219222,-3.7424607303623523,-0.9955858819980911,-0.24505494431533614,0.25528853705599996,0.3581403891754813,0.6125530498969481
94,6380,90,1.2241809018211094,1.8639323064397801,0.5679695764605251,-1.2240971271106291,1.822698070132443,-0.22919460362735344,0.08330894292350008,1.572409762644023,-2.563082387024454,0.9858994490492295,2.663735626147322,-1.8671987401035555,1.8150779933081982,0.6125530498969481
57,4697,54,1.289244367585866,0.1379929544107909,1.5174796653663356,1.230726341043564,-0.2691319034869906,0.16410788704801776,0.9010341893219688,1.1635803366973685,-0.8177024914772081,-1.7339083692537995,1.1498635847576084,0.4294828231660381,0.3581403891754813,-1.6325116659989423
63,5072,71,1.5816663329271423,-0.05311907203067916,1.601695027980406,1.0878884534770603,0.41596671228661986,1.0360807079976635,1.3674797929882332,1.1635803366973685,0.525539763472362,-0.28448920152158647,0.4733585081742642,-0.05893311263015844,0.3581403891754813,-1.6325116659989423
74,6230,63,-0.8339893849389596,1.0296888476949615,-0.6123152180546505,-0.8948021543303765,0.2055998999545201,-0.22919460362735344,-0.007652219861956637,0.9692990979140862,-0.12055104982347017,0.47121122188858366,0.0952158694266624,0.7925245083071198,0.3581403891754813,0.6125530498969481
51,4220,93,1.225917909001066,0.1379929544107909,1.0495110089572817,0.4427124119327028,0.35233413602904207,-0.22919460362735344,-0.5948985251933547,0.25767565625110594,0.23285911133526874,0.4095619963667674,0.14251299419425034,0.5793797076898645,0.3581403891754813,0.6125530498969481
57,4230,75,1.9019196280054202,-0.12094221917214973,1.6846829878025085,1.8649351508193885,0.0732028850292741,-0.013985659270390745,0.15797762169666751,0.4259346495311623,1.0636508731902279,-0.3835201634208818,0.5792501953627252,-0.12907579467556968,0.3581403891754813,0.6125530498969481
60,4695,67,0.5622542939245836,0.3133361961439687,0.3593562831890224,0.320750703546702,1.1554993163705916,-1.0385747644412713,0.23641393778204187,0.7816568116943878,0.5014836937996878,0.13667737956055104,0.8023405100292095,-0.5040262068043367,0.3581403891754813,0.6125530498969481
50,3996,51,-0.5293707679268018,0.012544204192919125,0.1499612297579822,1.3043931328760674,0.29381484459649704,0.44960143907769445,1.2378078983597343,-0.20978440474634713,-0.09484535878691201,-0.488944521318963,0.6305694250763123,0.28323090738060946,0.3581403891754813,0.6125530498969481
39,3620,45,-1.0022815955846969,-1.0845174670653985,-1.18575138999386,-0.5687111330584822,0.12522440416640768,-1.0385747644412713,0.45655088685874945,1.467641878959388,0.6449537276656453,-0.10280094841912382,0.10577846470793248,1.5089004674570707,0.3581403891754813,0.6125530498969481
67,4340,77,0.2442820810499302,0.6270233788095004,0.3173270966569103,0.11975275469968777,0.44877394394675324,1.0360807079976635,-0.46424287834485456,-0.060091883356808096,0.47736869024981116,0.47121122188858366,-0.210614736113976,0.1961485813504547,0.3581403891754813,0.6125530498969481
85,4180,66,1.7820200064627756,1.4105939265800687,2.025363545699496,1.6089651415369164,-0.8026824351599816,0.6339700079371658,0.4981180851950696,1.3645882269351624,-0.12055104982347017,0.060686441260878146,1.2663835722292274,-0.25116579498628383,-1.0987972149572356,-1.6325116659989423
79,3600,63,1.6979222832809249,0.9881629366230463,1.8911291425897314,1.4691111622983388,-1.276477684445451,-0.04910428867699247,0.7877948856824326,1.1635803366973685,0.20805976907672294,0.20928980457225407,-0.17545112803170965,-0.30890955898659656,-1.0987972149572356,-1.6325116659989423
26,6000,66,1.0335991113994647,-1.0845174670653985,0.67541234547245,0.9710219114484225,0.9646028662698478,-0.22919460362735344,0.37105468909019607,-0.4230962065588109,-0.8457496768946355,-1.1512760702749985,0.5738240562130217,0.32781182824189004,0.3581403891754813,0.6125530498969481
69,3038,54,0.727543644554018,0.6753287453312369,1.516975616419689,1.3683298821629364,-1.76619134647448,0.9641364521965113,0.12743750686759628,0.4259346495311623,-0.5425747226939661,-1.7339083692537995,0.9884402353632666,-0.13490809721059846,-1.0987972149572356,-1.6325116659989423
88,4574,81,1.9287266128436173,1.338890288558631,2.0475539327118266,0.6581529004723548,-0.6567761844143083,-0.22919460362735344,1.0470863898931377,0.6902976719925955,0.8564097284492161,-0.601645107695158,0.04380753414163987,0.22477621887653546,-1.0987972149572356,-1.6325116659989423
50,5088,34,1.4580203798692943,-0.12094221917214973,1.6553875954504926,1.515252290890116,-0.7585730793018399,0.6339700079371658,2.1106196897159695,0.17590711389826053,-1.0450179270912512,-1.7339083692537995,1.1490002206765417,-0.43426440721866766,-1.0987972149572356,-1.6325116659989423
51,4080,69,-0.07565284704498784,0.1379929544107909,-0.2836463387076875,1.081643693841068,0.29145619209003254,-0.04910428867699247,0.3196458988473209,-1.5240531582747878,-0.7341609556836688,0.2788113855351543,-0.6210575300641338,0.7562508729690149,0.3581403891754813,0.6125530498969481
50,3384,57,1.477136441025908,0.07620224590010746,1.835738252482523,1.0936448048848126,-0.8332605870500661,1.0360807079976635,1.7012297383633588,1.0656043502924986,-0.043655143285563025,-0.1911203270674524,0.347312472778018,-0.671501792804724,-1.0987972149572356,-1.6325116659989423
38,5050,47,-0.0084784424899389,-0.5849046607537626,-0.272947766783775,1.0241414034245055,0.8258971276970903,0.6339700079371658,1.36559639558175,-0.9283307329438812,0.0578612934555406,0.2788113855351543,0.4642702935487042,-0.9534437343817472,0.3581403891754813,0.6125530498969481
33,3600,31,0.9802367365707191,-0.5849046607537626,1.437035222634919,2.1257389556866313,-0.981733073524185,-0.013985659270390745,1.495689840697827,0.8746535950171559,-0.7341609556836688,0.34549454598816776,0.4800816664657745,-0.7277524206298158,-1.0987972149572356,-1.6325116659989423
48,3970,59,-0.2732406406363967,-0.2637884142137961,0.029052778112479624,0.012684336004188293,-0.8926484154358019,-0.6142542982610626,0.6533309979780512,-0.4912534379026085,0.5014836937996878,0.47121122188858366,-1.1308766201469915,-0.5590982899858604,-1.0987972149572356,-1.6325116659989423
45,3680,64,-1.2749596351004993,-0.49946894118390567,-1.243680236741276,-0.0387172741480929,-0.9617306099652749,0.44960143907769445,-2.1844360203854483,-1.886083615874445,0.30686892312721825,-2.2835393318336408,-1.0082672446913596,0.6108935328299653,-1.0987972149572356,-1.6325116659989423
40,3630,35,-1.2293061614043843,-1.2041414384332418,-0.7092596957565482,0.2571389913457858,-0.9617306099652749,-1.0385747644412713,0.6889587036784993,-0.9851988400469104,0.33141144399481504,-0.8534518760234878,-0.770300911458918,0.54103066925182,-1.0987972149572356,-1.6325116659989423
57,4408,55,0.8823713300485039,0.19803987368047163,1.1245026651860148,1.4239303130077778,-0.35557524157334236,-0.2735815876690981,1.7712431068122516,0.5124477851823425,1.0864302146786262,-1.7339083692537995,-0.268511052656081,-0.9475001021050891,-1.0987972149572356,-1.6325116659989423
53,5146,63,1.8933442390406026,-0.12094221917214973,1.884404307622386,1.7638297706054877,-0.31970191967781514,0.12366360034857365,0.525412318799351,0.8746535950171559,1.0179463816947247,-0.7227012651918747,0.1784472912694156,-0.17138563277534075,-1.0987972149572356,-1.6325116659989423
39,3897,68,1.9014765731048822,-0.972731667786928,1.7765872411651633,1.2037534001795105,-0.3634083515762949,-0.22919460362735344,0.3122051961280074,0.8746535950171559,0.6923240937679691,-0.3835201634208818,0.4959603536937376,0.7678883363024585,-1.0987972149572356,-1.6325116659989423
37,4500,56,0.6678207045765949,-1.2041414384332418,0.8586977491938891,1.0744479422208495,-0.8573421766588876,-0.22919460362735344,0.0766966911087716,0.6902976719925955,0.2822630870249347,0.060686441260878146,-0.326086556691273,0.19720548381489222,-1.0987972149572356,-1.6325116659989423
69,6526,59,1.3214639619144353,0.9459121453121648,1.2630203777128364,0.6309710856634577,1.4001159381906774,0.6339700079371658,1.0503252317182612,1.0656043502924986,-2.3461430732055244,-0.1911203270674524,1.583817045441352,0.06340103767390842,1.8150779933081982,0.6125530498969481
92,4659,87,2.125159158164674,1.8037060598901353,1.9637320097310906,0.9310465263508237,1.2581024945757655,-0.40961982181106055,0.5922469197566411,1.467641878959388,-0.6241261617099947,0.47121122188858366,1.2807418461025444,-0.4848692583787239,1.8150779933081982,-1.6325116659989423
45,3474,53,0.8664525816746756,-0.6744109272506594,1.0492401144785772,0.8838387934629793,-0.29075914612577886,1.3178450700582367,1.642515622375337,0.7816568116943878,1.222108344767349,-0.8534518760234878,-0.7774281956073125,-0.008309685212503809,0.3581403891754813,-1.6325116659989423
86,3180,51,-0.09425256616303297,1.4803479884652575,-0.00371596827141097,-0.4751279270605347,-0.021978603319396543,0.44960143907769445,0.45655088685874945,-0.28237352323745246,0.18319470580243435,-0.28448920152158647,-0.6294214451007852,-1.0031778699438643,0.3581403891754813,-1.6325116659989423
55,3744,45,1.685772849065014,0.1379929544107909,1.7851415380681632,3.252464204603436,-0.25768515161973476,1.1122688326108703,1.881256136866047,0.6902976719925955,-0.43508339754859443,1.0294623131395182,1.4359985453353667,-1.1443034448935359,0.3581403891754813,-1.6325116659989423
47,3810,53,0.7903680102767682,0.1379929544107909,1.2397556801454968,0.5718300632983053,-1.5763565286293988,0.44960143907769445,-1.5715860926720169,0.3410143789166372,1.5104862816404492,-0.488944521318963,-0.5201155153614888,0.9056923527935123,-1.0987972149572356,-1.6325116659989423
62,3485,58,1.2538478012363403,0.47565884296982625,1.714238207655188,1.0529361064663356,-0.22841180351046542,0.44960143907769445,1.0481665078815117,0.4259346495311623,-0.3026284436876273,-0.3835201634208818,0.46567198706021906,-0.2827936813098539,0.3581403891754813,-1.6325116659989423
77,3600,49,0.14229826513176552,1.2273850455284776,0.711372775042092,0.3290659175990147,-0.22841180351046542,1.0360807079976635,0.36378187998855144,0.5124477851823425,0.1332649014169342,0.2788113855351543,0.3578592725538675,1.5366469053956007,0.3581403891754813,-1.6325116659989423
54,3964,48,0.003780448299564733,-0.4176946998854468,0.8815270795642024,1.8703220848959319,-0.753567850621616,-0.22919460362735344,2.7477136743543804,-0.6232192944825511,-0.12055104982347017,-0.3835201634208818,-0.758479108806698,-0.2839013122380045,-1.0987972149572356,-1.6325116659989423
54,3680,52,-1.2495818464229376,-0.49946894118390567,-0.2836463387076875,-0.07107182401564707,-1.1147821063052947,0.12366360034857365,-0.007652219861956637,-1.199238322126377,0.6686666659070798,-2.2835393318336408,-1.3079760463630976,-0.09949594681348622,-1.0987972149572356,0.6125530498969481
78,3030,51,-0.16648594954451984,-0.4176946998854468,0.25240421584968076,-0.01159251633041347,-1.7748036637248292,-2.0483080496073764,-1.4016057555673218,-0.6870519494859656,1.1996123641074883,-1.3233835886260938,-1.0362158831678885,-0.589595925871055,-1.0987972149572356,-1.6325116659989423
63,3145,53,1.2146263330255935,0.5272445442404744,1.783287048573915,1.5809028788708566,-1.3140424282305816,-0.22919460362735344,1.1402587274221068,0.8746535950171559,0.30686892312721825,1.44475647114785,-0.5870991959978875,1.4245423219433517,-1.0987972149572356,-1.6325116659989423
54,5045,64,-0.2724478738453962,-0.33923404372499033,-0.9166665828977454,-0.45646481674149725,0.3685679569333126,2.017544989660185,1.5485627321158653,-0.4912534379026085,-0.6514933665420358,-0.601645107695158,0.3626073336664005,-0.8610365113216508,0.3581403891754813,0.6125530498969481
62,3862,75,1.5829335638386197,0.012544204192919125,1.473105171162677,0.9305070365698836,0.3055872717085839,0.7526774068770612,1.5045850059041745,0.4259346495311623,0.8796391417393972,-0.28448920152158647,-0.18443646192017749,0.24938595237866734,0.3581403891754813,-1.6325116659989423
74,3420,37,0.08085045117402453,0.47565884296982625,0.09444379004679732,0.7761419744386261,-1.1773533231047915,0.44960143907769445,-0.9606431574714017,0.09569733284866454,-0.22412911897517096,-0.8534518760234878,-0.5035279145149667,-1.290585207665746,-1.0987972149572356,-1.6325116659989423
92,4200,83,1.910178514851017,2.064866071252274,1.706553253323544,0.7904360556783387,-0.4101964618018934,0.12366360034857365,-0.007652219861956637,0.9692990979140862,-1.3695004894439946,0.2788113855351543,1.40953437614268,-2.291583082398756,-1.0987972149572356,-1.6325116659989423
62,3109,62,1.1477098741758318,-0.33923404372499033,1.4552095603018613,1.6014887627356797,-0.7529427077266194,0.44960143907769445,0.9567527520563348,0.7816568116943878,0.7159264724323372,-1.515783424979524,-0.8580640794936877,0.12493165583940233,-1.0987972149572356,-1.6325116659989423
44,3505,53,1.05206853443606,-0.6744109272506594,1.2405588090964745,1.1670437668623848,-0.33245372526234523,0.44960143907769445,0.15797762169666751,1.0656043502924986,0.40466484905643485,-0.1911203270674524,-0.3525290087767535,0.3363777945293655,-1.0987972149572356,-1.6325116659989423
67,3680,55,1.1862343630205117,-0.6744109272506594,1.1433976822468346,0.8188888569780044,-0.6573842538354956,-0.22919460362735344,0.45655088685874945,0.25767565625110594,1.244558309119232,-0.3835201634208818,-0.97123498548073,-0.7603399619273846,-1.0987972149572356,-1.6325116659989423
54,2703,49,0.5006033498546345,-0.2637884142137961,1.316177657046139,0.9812197988315338,-1.2996267317241952,-0.6142542982610626,-0.007652219861956637,1.3645882269351624,0.5014836937996878,-0.28448920152158647,0.28749153413089273,0.4281299637334103,-1.0987972149572356,-1.6325116659989423
85,4360,47,0.10337309901163495,1.0296888476949615,0.700186535890014,1.6786500776951616,-0.9504488650286549,0.44960143907769445,1.6374863249988574,0.25767565625110594,0.9490194931800552,-0.488944521318963,-0.919982828106118,-0.3456694310072859,-1.0987972149572356,-1.6325116659989423
51,3579,35,0.9123186057535846,-0.05311907203067916,1.680801496323644,1.9689604177853832,-1.9234648853065524,-0.6142542982610626,0.7203062079769135,1.0656043502924986,2.0036683228955776,-1.7339083692537995,-1.1622575725282898,-0.8667252940014962,-1.0987972149572356,-1.6325116659989423
37,4128,40,1.1064524621969354,-0.972731667786928,1.3275113138577814,1.0125264502231284,-0.605172252396927,0.055394205642346685,1.3542640371673937,-0.4912534379026085,1.7703640987717493,-1.3233835886260938,-0.8178229155133953,-0.15192637362707953,-1.0987972149572356,-1.6325116659989423
52,2930,77,0.8563696740797463,-0.4176946998854468,1.4577302586726895,0.9877799560609118,-1.0984595018104282,0.4180956603638323,1.4415991469590026,0.01703484187169807,0.5973594417391935,0.47121122188858366,-0.8061972791489666,0.4657397810257668,-1.0987972149572356,-1.6325116659989423
96,4400,97,1.3869841224734105,2.173485159618942,1.254349399907615,-1.3559697713457746,1.4633967085260515,0.44960143907769445,0.23641393778204187,0.8746535950171559,-0.1981197138629203,1.3766836801623437,1.1566067575712464,-1.8121871023693927,1.8150779933081982,0.6125530498969481
63,3526,44,0.9740431269899128,0.47565884296982625,1.6513397373660035,1.4209512204558505,-1.474427527654091,1.379233011860211,2.0745864665326277,0.6902976719925955,-0.6241261617099947,-0.8534518760234878,0.48861683726335825,0.6128545482168315,-1.0987972149572356,-1.6325116659989423
61,3660,54,1.482155384345656,0.07620224590010746,1.5560078373793789,1.063076127555853,0.16732222950470962,0.257019020518055,0.4981180851950696,0.4259346495311623,1.3783101875984967,-0.601645107695158,-0.1281785155941173,0.2248255985948487,0.3581403891754813,-1.6325116659989423
100,7270,93,1.7786993073752815,2.3289850936935363,1.3888530006318356,0.2927461441126657,1.4938217847884745,-0.22919460362735344,0.5172584530697378,1.2632379969775114,-2.206272367312898,1.0718935453228027,2.1988245433576026,-2.2093032311272927,1.8150779933081982,0.6125530498969481
59,4560,66,1.4778139660611487,0.07620224590010746,1.6363716324619466,1.821964385693793,0.21186330651465693,-1.0385747644412713,-0.5948985251933547,0.9692990979140862,-1.7100169908089125,-0.9955858819980911,1.1353986175686335,-0.023863720517422086,0.3581403891754813,-1.6325116659989423
58,4100,72,0.08138092185484448,0.19803987368047163,0.09839529272593897,-0.4034882675830814,0.5028730839628116,0.44960143907769445,-0.18659120676503163,1.2632379969775114,-0.17218743851993448,-0.1911203270674524,0.18932604159255714,0.6651432139312449,0.3581403891754813,0.6125530498969481
83,4500,63,0.8349551115263916,1.3022664532279353,0.3845610229975339,-0.5387571005957346,1.350694182124423,0.6339700079371658,0.8415717373866589,0.3410143789166372,0.2822630870249347,-0.1911203270674524,0.697266015216627,-0.32729000471534775,1.8150779933081982,0.6125530498969481
40,5558,63,1.5738478708243753,-0.972731667786928,1.3639032850248922,1.3824958654948327,0.10053892028055368,-0.22919460362735344,0.0766966911087716,0.6005650532112241,0.6686666659070798,-1.515783424979524,0.2163464034621442,0.3868314449009667,0.3581403891754813,-1.6325116659989423
72,3285,100,1.1607114578609061,1.1106782881401163,0.42351517805813066,0.36704908313466494,1.0204503919613213,1.0360807079976635,-0.14048620595181638,0.6005650532112241,-0.5696679334896119,0.7990089285165864,0.8430153646734997,-1.9429001090978628,0.3581403891754813,0.6125530498969481
75,6582,80,1.4950353859355898,1.4803479884652575,0.9282748871699777,0.16704809671101345,1.6378403162054327,-0.22919460362735344,-0.6356698513318378,1.572409762644023,-2.3461430732055244,0.2788113855351543,2.213788440103262,-0.8144503885205852,1.8150779933081982,0.6125530498969481
70,5940,66,0.8107329236340292,0.8591123720558881,0.658887976487072,-0.27170063894290325,0.8383174900896683,0.6339700079371658,0.865074030398109,1.2632379969775114,0.4289597985788314,-0.601645107695158,0.6141530866237898,-0.35172321528957534,0.3581403891754813,0.6125530498969481
48,6452,62,0.33186341092922517,-0.05311907203067916,0.7916764328730292,0.3147530959025511,0.7603004064397545,1.302364976162053,1.5045850059041745,0.3410143789166372,-0.06921364143108524,-1.3233835886260938,0.44900283290064613,-0.004174865162930047,0.3581403891754813,0.6125530498969481
43,1920,43,-1.7322644525300057,-0.19109950858549485,-0.5263297844880813,0.2169487970705791,-2.119539384004626,0.44960143907769445,0.8415717373866589,-0.35347352257287784,2.211956120304136,-2.6480466865381658,-2.5392754565130278,1.6021336647549942,-1.0987972149572356,-1.6325116659989423
60,5986,92,0.9227105251409028,0.3133361961439687,0.6531345000104135,0.24398810214401248,0.39946318106852363,0.7526774068770612,-0.831740799103585,0.09569733284866454,0.0578612934555406,1.1929497028195202,0.2089466743366609,-0.6047876594014111,0.3581403891754813,0.6125530498969481
24,3066,48,-0.6166530934911131,-0.768473675269448,0.0012814674849652,0.9694810385266633,-1.2389903799716606,-0.22919460362735344,0.45655088685874945,-1.2494530951634284,0.23285911133526874,-2.6480466865381658,-1.553254566988775,-0.5887409247304091,-1.0987972149572356,-1.6325116659989423
66,3522,63,1.3862225885733102,0.36877700770497285,1.607949463800793,1.694698737128009,-0.5038802371615053,-0.2661512547593812,1.9046106872959472,0.5124477851823425,0.7394742565334033,-0.10280094841912382,-0.053956209769192534,0.06090953249709589,-1.0987972149572356,-1.6325116659989423
63,3776,47,1.3748199923546511,0.3133361961439687,1.713708693300811,2.6185736703687863,-0.908968206652819,-0.22919460362735344,1.2516980395015243,0.6005650532112241,0.7629678942848166,-1.515783424979524,0.6573253129759251,-0.8895546762860943,-1.0987972149572356,-1.6325116659989423
71,6482,68,1.767854571084847,1.0705183742130715,1.642498707618406,0.9781739521328124,1.5311313223741758,0.44960143907769445,1.2811866249314292,1.0656043502924986,-0.6514933665420358,-0.9955858819980911,1.5330591112214926,-0.35386999605141894,1.8150779933081982,0.6125530498969481
34,4380,36,-0.13199582138031676,-1.2041414384332418,0.6631732964793527,0.4527779220808867,-0.7995128887962804,0.055394205642346685,1.90985273886806,0.5124477851823425,1.3116354267818913,-4.9125732096554495,-1.3221782583180366,0.9349113863279164,-1.0987972149572356,-1.6325116659989423
25,3192,38,0.36031843364023763,-1.473054451276509,0.7865048678091725,1.5303638653428289,-1.5534529351748265,-0.22919460362735344,0.3491656002566591,-1.094880026424442,1.8769734548205472,0.13667737956055104,-2.32685173492357,1.018082353843329,-1.0987972149572356,-1.6325116659989423
50,2470,45,0.5239804045600814,-0.2637884142137961,1.393158400547486,0.9565244377437802,-1.6847754130645565,-0.22919460362735344,-1.7565250578392297,1.572409762644023,1.15448099537168,0.2788113855351543,-1.0178988938271858,-0.20226434247010575,-1.0987972149572356,-1.6325116659989423
53,4037,89,0.22698261829985295,0.1379929544107909,0.7502501260579819,0.7105180798928988,0.42875654929857054,-0.22919460362735344,-0.831740799103585,-0.1356944211524122,-0.0181691230182655,-0.601645107695158,0.039857269000638684,0.8947470631232055,0.3581403891754813,0.6125530498969481
77,4050,62,-1.44587640979,1.0705183742130715,-0.6840931775471965,0.121328324574784,-0.3678919688749011,-0.22919460362735344,0.22714497065395897,-0.4912534379026085,-0.32895477682173246,-0.1911203270674524,-0.41247840876097025,0.011804662546300276,-1.0987972149572356,0.6125530498969481
53,3262,53,1.3619022597432775,0.19803987368047163,1.7552648907740969,1.5971181409728108,-1.2520426511540852,1.302364976162053,2.1596345533257564,0.8746535950171559,0.6449537276656453,0.20928980457225407,0.05981717941084218,-0.19096191888104355,-1.0987972149572356,-1.6325116659989423
43,2780,29,0.6500902426135583,-0.33923404372499033,1.513624995523792,2.3882247864206927,-1.7825765665070614,-0.22919460362735344,1.8353918524480497,-0.6232192944825511,1.6627857007207905,-2.2835393318336408,-1.7993194686263838,0.2245942779771011,-1.0987972149572356,-1.6325116659989423
85,3309,65,1.9186717253458232,1.1890885687490669,2.1420215421933846,1.9777529181559241,-1.4912463226655415,0.7526774068770612,2.049318989914567,1.572409762644023,1.3783101875984967,-0.8534518760234878,-0.1906839947329167,-0.6670774161687403,-1.0987972149572356,-1.6325116659989423
46,5376,50,0.8716551579601625,-0.49946894118390567,1.4020607143123587,2.019430377794626,-1.9234648853065524,-0.5981523354140666,-0.007652219861956637,1.6789026453905742,2.5583299939044775,-2.6480466865381658,-2.0986091536250866,-0.080321174839006,-1.0987972149572356,-1.6325116659989423
22,3860,57,-0.48115097202065044,-1.991623129577312,-0.5213322032234615,-1.2240971271106291,0.6089823530815689,3.5120996736431955,-1.0977621251970406,-1.392393977623881,-1.806068754671089,-1.1512760702749985,0.779668648283606,-0.1641740441525978,0.3581403891754813,0.6125530498969481
66,5326,65,0.3904456620038149,0.6753287453312369,0.35864434196497275,-0.07522454097749419,1.3672277109105084,0.7291929885695793,-0.05807801673914599,1.0656043502924986,-0.7065095991630403,-0.488944521318963,1.1232692570040024,0.44344862635541926,1.8150779933081982,0.6125530498969481
83,4080,82,-0.10271960516114562,1.1106782881401163,-0.5374191334014482,-1.4654695858923672,1.185764864906594,-0.6142542982610626,-0.8068585572048644,0.9692990979140862,-0.9589736432806009,1.5729406861767377,1.706246032387804,-0.5334059477945123,1.8150779933081982,0.6125530498969481
68,4160,47,0.056638025513930636,0.9029060992795953,0.4499055082720682,0.15962811472572183,0.43741250359800693,3.1807271510990205,1.4140785994451384,1.2632379969775114,-0.6241261617099947,-0.9955858819980911,0.7988043253147771,1.105610252154537,0.3581403891754813,0.6125530498969481
53,3975,37,1.035973463780244,0.19803987368047163,1.6735726550933971,2.382351216705923,-0.8773794311609284,1.8284530512632162,2.015924126890298,0.9692990979140862,-0.2763826353397781,-1.1512760702749985,0.24802714923234923,0.9150765495999008,-1.0987972149572356,-1.6325116659989423
51,4928,79,1.3829504306508018,-0.4176946998854468,1.2223356593610515,1.0940859297641898,1.2173431840931406,-0.22919460362735344,-0.4017265651799098,0.6902976719925955,-1.0739217798372562,-0.9955858819980911,0.9577060506819689,0.25236127462798846,1.8150779933081982,-1.6325116659989423
95,3792,95,1.9758035359005222,2.037039963021105,1.5325199694729212,-0.6479423263493433,0.5412098077298565,-0.22919460362735344,-0.3812772018018639,0.8746535950171559,-1.1906916694765612,0.20928980457225407,1.107167170103912,-2.770041975669376,0.3581403891754813,-1.6325116659989423
81,4218,65,1.8015159477585467,0.8591123720558881,1.9157010921330968,1.875677118977353,-0.4676698588996491,1.079777586669213,1.2437709649949305,1.0656043502924986,-1.3393806834015403,-0.9955858819980911,1.481410660366484,-1.3325972822266665,-1.0987972149572356,-1.6325116659989423
57,3994,53,-0.03171068739404964,-0.2637884142137961,0.6721375628293513,1.389026771334981,-1.1071315738160603,0.0622704821654101,0.2927436015646531,0.4259346495311623,2.1705775472374214,-0.7227012651918747,0.02211945202535286,0.3941952646414049,-1.0987972149572356,-1.6325116659989423
32,2592,65,0.4386268984316075,-1.3330274833513367,1.0693830322132563,0.3500261225173064,-0.9273407935340333,-1.258919395599485,0.7817410839239779,-0.28237352323745246,1.6627857007207905,-0.1911203270674524,-0.844724108012809,0.07664439604101742,-1.0987972149572356,-1.6325116659989423
53,2780,36,-0.5474611200147484,-0.768473675269448,-0.2706718100594369,0.1353539347196102,-0.8211239634243725,0.12366360034857365,1.0231952294538116,-0.060091883356808096,0.33141144399481504,-0.3835201634208818,-0.7317884572654577,1.7214721572963374,-1.0987972149572356,-1.6325116659989423
38,2500,67,0.9087588221610468,-0.972731667786928,1.2672624946541438,1.038430181785302,-0.8473677622787216,-2.0483080496073764,-0.007652219861956637,1.1635803366973685,2.1082507547381426,-0.28448920152158647,-1.219355471434843,0.6686625516196788,-1.0987972149572356,-1.6325116659989423
50,2800,46,0.37174176504640544,-0.49946894118390567,0.6872176697671147,0.9353494207732553,-0.8634700462138201,-0.4173081667300912,-0.007652219861956637,0.6005650532112241,1.9193527444940255,-3.780309948096807,-0.990725715274068,0.39433300612050926,-1.0987972149572356,-1.6325116659989423
80,4290,72,1.926694345237791,0.6753287453312369,2.012671042742242,1.298552701911596,-0.2178972462594528,0.020845503175325353,0.5186194657974309,1.2632379969775114,-0.6241261617099947,0.060686441260878146,0.6544449876927682,-0.09037303316776381,0.3581403891754813,-1.6325116659989423
37,2964,38,1.0608181148707043,-0.972731667786928,1.5496171257670976,2.2809320615482616,-0.3023089729644441,0.257019020518055,1.0449246393261196,0.4259346495311623,0.5014836937996878,-1.3233835886260938,-0.10352393028671025,-0.17497214808891226,-1.0987972149572356,-1.6325116659989423
46,3422,45,0.21434407664867605,-0.05311907203067916,1.2408597144238789,1.0076373263739005,-1.1716792315197044,0.44960143907769445,0.45655088685874945,1.0656043502924986,0.30686892312721825,-0.601645107695158,0.09933151396382889,0.001621560745622452,-1.0987972149572356,-1.6325116659989423
35,3060,78,-0.8607730933120695,-1.2041414384332418,-0.2357551830747438,0.8281494005815501,-0.2874658280935898,-0.22919460362735344,-0.3812772018018639,-0.4912534379026085,0.8564097284492161,-0.019012808716357025,-2.6784908500550406,-0.44336049699435315,0.3581403891754813,0.6125530498969481
77,5160,79,-0.13334990565920296,1.0296888476949615,-0.5353931174319216,-1.630009843368419,1.0990167288974395,-0.22919460362735344,-0.831740799103585,0.25767565625110594,-0.5968513856813783,1.1535860970634626,0.8606032100591815,-0.09214877903067184,0.3581403891754813,0.6125530498969481
47,4202,68,-1.5931551764561336,-0.19109950858549485,-1.1161800586230661,0.49363718366196857,-0.08460505394541408,-0.6142542982610626,-0.9606431574714017,-0.8700943318940553,-0.9021518863751771,-0.3835201634208818,-0.4414034058246718,0.36101334232503157,0.3581403891754813,0.6125530498969481
27,2570,40,-1.4627613637733374,-1.991623129577312,-0.8542553846578109,-0.3544784434962252,-1.8419880078940958,0.44960143907769445,1.0664517666868942,-2.0259049331637793,0.25759334859915606,0.4095619963667674,-1.6068609646884813,1.2778442828491725,-1.0987972149572356,-1.6325116659989423
81,3260,95,0.23501031944848375,1.2273850455284776,0.2983267959225945,-0.32673037966355156,0.44877394394675324,-0.22919460362735344,-0.831740799103585,0.6005650532112241,0.0830645638304953,0.2788113855351543,0.3533478573919834,0.5806536811276278,0.3581403891754813,0.6125530498969481
92,6525,83,1.3968170167978544,1.9518471386888563,0.994602743580504,-0.7802129707146085,1.6421621456787274,0.6339700079371658,-0.48121934127835964,1.467641878959388,-2.381681492310293,0.47121122188858366,2.08611685722706,-0.9859997880418867,1.8150779933081982,0.6125530498969481
87,5950,90,0.7200916930302225,1.374993777959597,0.1568729509183964,-0.8658275684892794,1.8210343410506775,0.44960143907769445,-0.831740799103585,1.467641878959388,-1.1320725358242631,1.113250452842285,1.5416579658826546,-1.4842286841783032,1.8150779933081982,0.6125530498969481
68,6507,96,1.393373406382177,0.36877700770497285,1.110603751955227,0.9052889887185003,1.294211823673829,-1.0385747644412713,-2.7257704667256846,0.6902976719925955,-0.12055104982347017,0.34549454598816776,0.5370655983636953,-0.18183760382152905,1.8150779933081982,0.6125530498969481
45,4182,45,1.0133034099656357,-0.4176946998854468,1.466536318382487,1.9578089847886826,0.07245465519769034,-0.22919460362735344,2.3723291877977157,0.4259346495311623,-1.4301380535654649,-0.8534518760234878,0.6904502486773813,-0.28782929620752595,0.3581403891754813,-1.6325116659989423
30,4845,31,0.5688657540509311,-2.839672107326026,0.4717327521186592,0.0015842584992132815,-1.3170076473510204,-0.22919460362735344,-1.4016057555673218,-1.199238322126377,0.525539763472362,-0.8534518760234878,-1.1190174526595589,0.4590971554204258,-1.0987972149572356,-1.6325116659989423
53,3176,73,1.9689043682904883,0.3133361961439687,1.8573447396880653,0.37818378023368393,0.08316552390396748,1.250372073488802,1.271398499406051,0.6005650532112241,-0.0181691230182655,0.060686441260878146,0.15675426038243345,-0.007242216488166713,0.3581403891754813,-1.6325116659989423
59,3494,30,0.12733992409959188,-0.33923404372499033,-0.38012559260715895,-0.9410669533097701,-0.7106961436996135,-0.22919460362735344,0.797447832390585,-0.9851988400469104,-0.043655143285563025,-1.3233835886260938,-0.611418346184998,0.848627709142034,-1.0987972149572356,0.6125530498969481
49,5100,68,-0.08650841345958996,-0.2637884142137961,-0.53640557904833,0.1353539347196102,0.2392094638614887,-0.22919460362735344,-1.5715860926720169,-0.060091883356808096,0.4531942340637835,-0.488944521318963,-0.20219548150329775,-0.9161520758112968,0.3581403891754813,0.6125530498969481
43,3365,73,-0.8852440552385366,-0.49946894118390567,-0.6618751130817574,0.08748542507226617,-0.2060701637644889,-0.22919460362735344,1.3151251116730989,-1.094880026424442,-0.8457496768946355,0.7487430981377603,-0.11814128842113442,0.3652187791564728,0.3581403891754813,0.6125530498969481
30,2522,58,-0.08972687212285793,-1.2041414384332418,-1.108928464647617,-1.5531623993304813,-1.770494326534891,-0.22919460362735344,-0.007652219861956637,-1.973085139428777,2.0665245144363427,-2.6480466865381658,-1.048155295082992,-0.4097585460204871,-1.0987972149572356,0.6125530498969481
76,4195,72,-0.6740574920542752,0.9029060992795953,-0.9455279390334208,-2.1706909080364514,0.6964519249248114,-0.22919460362735344,-1.2902578815838468,0.25767565625110594,-1.0739217798372562,1.662881415422127,1.2881176774761516,0.21646459323433037,0.3581403891754813,0.6125530498969481
44,5800,75,-0.12190581744916647,-1.2041414384332418,-0.3581493036409578,-0.6332185184089396,0.817596785733177,0.3543858844935324,0.7203062079769135,-0.28237352323745246,-0.17218743851993448,0.2788113855351543,0.1742438205151104,-0.20488372124707263,0.3581403891754813,0.6125530498969481
88,4360,89,1.1265162870857708,2.064866071252274,0.6097476541377522,-0.4103082976918083,0.8896850314583712,-0.22919460362735344,0.0766966911087716,1.3645882269351624,-2.9472725298534237,1.0294623131395182,2.806094117192579,-2.2065793054674847,0.3581403891754813,0.6125530498969481
92,4180,68,-0.37032071870932903,0.19803987368047163,-0.877026173159489,0.2492770523065022,-0.3343981078496482,-0.22919460362735344,0.3855304303022255,-1.4375163915219222,-0.6789541283407586,0.8477740600370556,-1.1162037120943,0.4631723375884443,-1.0987972149572356,0.6125530498969481
49,3052,63,-1.2773003039173505,0.07620224590010746,-1.6553604031105285,-2.028489116527091,0.017945366784329685,-1.0385747644412713,-0.18659120676503163,-0.4912534379026085,-0.6514933665420358,0.060686441260878146,0.28906053367409584,-0.2728367873775092,0.3581403891754813,0.6125530498969481
66,3610,67,-0.2551827892680843,0.5776799288914051,-0.3826958164347736,-0.694309287317495,0.403136443583273,-1.0385747644412713,-0.7100928488284425,0.7816568116943878,-0.3818525909118409,1.0294623131395182,-0.22650931344779168,0.8539171859295822,0.3581403891754813,0.6125530498969481
64,4005,86,-0.1994484559364885,0.9459121453121648,-0.5693932963808912,-0.486589626283788,1.3562120356262088,-2.0483080496073764,-1.7565250578392297,0.7816568116943878,-0.4618260387652622,1.1535860970634626,0.4696365180286613,0.6529125516675338,1.8150779933081982,0.6125530498969481
93,4619,90,0.6592714150985837,1.8639323064397801,-0.16374747487930594,-2.3777403148239418,0.8692117031856893,0.9249045664655752,-0.1588132541781993,1.2632379969775114,-1.161322711796831,1.341553066130896,1.3910484985716725,-2.83185832599375,0.3581403891754813,0.6125530498969481
60,5318,65,-0.2724478738453962,0.4228593760746721,-0.9136760230522228,-1.1393532694354787,1.171615468195069,-0.22919460362735344,-2.7257704667256846,0.3410143789166372,-0.7065095991630403,1.0294623131395182,0.6177465429589026,0.21922855267541644,1.8150779933081982,0.6125530498969481
70,4210,56,1.2494551882987501,0.4228593760746721,1.699164971564608,0.9337385409812281,-0.4673816430927015,1.5536080293455437,1.7320652495532478,0.4259346495311623,0.7394742565334033,0.696881263144984,0.6349582592619684,0.9923577618109509,-1.0987972149572356,-1.6325116659989423
93,5775,90,1.3819661029539965,1.6790569287773105,0.8963345409521934,0.8952002662772095,1.7252307691704063,1.3944488434312141,0.4732693386020777,1.467641878959388,-3.110542546594538,0.7487430981377603,2.9027458659509935,-0.40702200383266596,1.8150779933081982,0.6125530498969481
21,2660,52,-0.1511443955633072,-1.7978331880954055,0.39005245413549405,0.21832501485130817,-2.6503845997201463,0.055394205642346685,0.66994161620873,-0.9283307329438812,1.5104862816404492,0.643318740239679,-1.9139168347262456,1.7214721572963374,-1.0987972149572356,-1.6325116659989423
30,3620,63,-0.28763206807091013,-0.972731667786928,-0.3956567104521618,-0.9912281496306629,-0.2874658280935898,-0.22919460362735344,-0.007652219861956637,-1.4375163915219222,0.5734771377015533,0.47121122188858366,-0.6981290896887348,0.5096348935403838,0.3581403891754813,0.6125530498969481
27,2900,90,-1.7511134598254092,-1.991623129577312,-2.167211181921215,-0.6681269626758217,-1.3158953635086674,0.7526774068770612,1.0144459357070048,-1.199238322126377,0.30686892312721825,-2.2835393318336408,-1.692282304541442,-1.6067931579013224,-1.0987972149572356,0.6125530498969481
44,4340,48,-0.8577588426987697,-0.49946894118390567,-0.06550616831730077,1.0374853744153685,-0.20070658045054005,-0.22919460362735344,-1.7565250578392297,-0.9283307329438812,1.5760036933158947,-0.488944521318963,-0.5284644765237001,-0.3550176129230242,0.3581403891754813,0.6125530498969481
96,5995,91,0.5380730738684757,2.1999983407607893,0.17097389001162658,-0.4675980676605615,1.7243817950358509,-0.22919460362735344,-1.0977621251970406,1.467641878959388,-0.8738990280930917,1.5418252579254095,1.9204222709752168,-2.1460843356963566,1.8150779933081982,0.6125530498969481
85,5550,69,-1.6161258492289081,0.8591123720558881,-1.81506551206156,-1.5775499650882299,1.0990167288974395,0.44960143907769445,-1.7565250578392297,1.467641878959388,-1.5530655010797432,1.231387019584252,1.156463651132521,0.052984931388132164,0.3581403891754813,0.6125530498969481
25,6050,64,-0.08010658099120234,-1.7978331880954055,0.4577730953535444,0.3419456575150515,-0.02018967835263675,1.791524160627867,-0.550473254202004,-0.9283307329438812,0.38030884250552255,-1.3233835886260938,1.619314106259666,0.6965319014226847,0.3581403891754813,0.6125530498969481
25,4674,84,-0.4751755247768592,-1.2041414384332418,-0.8416717726840225,0.18166184939151506,-0.009983238659060829,-0.22919460362735344,0.23641393778204187,-1.481398373568703,0.1332649014169342,-0.3835201634208818,-0.850148169088464,0.5206590195920723,0.3581403891754813,0.6125530498969481
86,5600,92,0.9793288829315387,1.6144757210802627,0.37625011129995234,-1.4079726500278762,1.8558520901092599,3.821962799616442,0.3122051961280074,1.0656043502924986,-0.4618260387652622,1.113250452842285,1.4518937216808265,-2.268389769678396,1.8150779933081982,0.6125530498969481
51,4108,52,1.2445167132107018,-1.0845174670653985,1.2357243624571135,1.1897353146770417,-0.5714816336528199,-1.0385747644412713,1.0664517666868942,-0.20978440474634713,0.35589122750062535,-0.28448920152158647,-0.6044383805472401,-1.378373635352063,-1.0987972149572356,-1.6325116659989423
25,2890,60,-0.30883731053628005,-0.972731667786928,0.1448551516693527,-0.24446043019929123,-1.7618946999433829,0.44960143907769445,0.009474619696732101,-2.1983538567064675,0.5973594417391935,-0.9955858819980911,-2.169094149685325,1.1253948414583939,-1.0987972149572356,-1.6325116659989423
55,3775,67,-0.0268946106013203,0.25645415555414425,-0.21558960617665893,-0.4172001723840956,0.960586212766258,-0.6142542982610626,-0.18659120676503163,-0.060091883356808096,0.621184811174139,1.231387019584252,-0.10816158883636567,1.0004116104086083,0.3581403891754813,0.6125530498969481
31,2380,55,0.6344668790813627,-1.0845174670653985,0.9166380559780785,0.48314881528904363,-1.032272349335928,-5.290979540568676,0.6210434284590448,-0.28237352323745246,0.18319470580243435,-1.1512760702749985,-0.7022476044658781,0.23399780159725136,-1.0987972149572356,-1.6325116659989423
50,5340,60,-0.27562317183714835,0.4228593760746721,-0.598151614081356,-0.7329188116093822,1.0224317911050393,-0.22919460362735344,0.3122051961280074,0.7816568116943878,-0.3553625238528725,1.113250452842285,0.43763052628166316,0.473914488795679,0.3581403891754813,0.6125530498969481
53,4100,55,1.5320744308236702,0.012544204192919125,1.7548564728566334,1.8198841403271333,-0.8505821161095759,-0.22919460362735344,0.7203062079769135,0.17590711389826053,2.437145473476329,-0.8534518760234878,-0.9828016635338914,0.2551982299573491,-1.0987972149572356,-1.6325116659989423
21,5500,59,0.022136219463825064,-1.626781013821947,-0.028009453844680034,0.800670817894818,-0.24545987162525776,-0.24393845698499092,1.1350640321719225,1.3645882269351624,0.38030884250552255,-0.3835201634208818,-0.0023436350092241763,0.9835263152361439,0.3581403891754813,0.6125530498969481
24,3755,52,0.4758889995320049,-1.626781013821947,0.22335427209358832,-0.5061565996033315,-1.1965774389721355,-0.22919460362735344,1.1194097737230595,-0.20978440474634713,1.3116354267818913,-2.2835393318336408,-1.874830982351939,-0.9949139666008482,-1.0987972149572356,-1.6325116659989423
71,4144,61,1.1092393633368038,0.36877700770497285,1.3651309166625567,0.26103831822349455,-0.4893521933067248,0.6877886929545446,1.446154649103234,0.6005650532112241,2.0246562536423705,-0.9955858819980911,-0.4258940706770067,-0.7122974423053594,-1.0987972149572356,-1.6325116659989423
20,3788,65,0.5994305881144069,-2.488799584590381,0.5387467147877453,0.680712606364767,-1.333739193520609,-0.22919460362735344,0.15797762169666751,-0.20978440474634713,0.4531942340637835,0.060686441260878146,-2.193346652053129,-0.3631018333855022,-1.0987972149572356,-1.6325116659989423
43,4050,62,-0.8622838786335933,-0.2637884142137961,-1.1799357327066209,-1.2508324265266677,0.1959444457720112,0.44960143907769445,0.6571749645255123,-0.8104772611976783,-0.3553625238528725,0.060686441260878146,-0.1603488697751393,0.6014569697444312,0.3581403891754813,0.6125530498969481
58,3615,80,-0.4594309119739132,0.3133361961439687,-0.2882709563123119,-0.9022691057091234,0.5084675326989632,-0.7787983205995127,-1.1406685836359645,-0.28237352323745246,-0.3553625238528725,1.1929497028195202,0.05500012489734466,0.8336225290520114,0.3581403891754813,0.6125530498969481
60,4050,50,-0.5399686014731678,-0.19109950858549485,-0.703208069122786,0.5178627610297704,-0.2929563256461898,0.44960143907769445,1.0930821131470418,0.09569733284866454,-0.9021518863751771,0.8951255085680089,-0.43900888778025504,0.2601287191864829,0.3581403891754813,0.6125530498969481
72,5304,87,-0.5054541115991723,0.9459121453121648,-0.39914424160091805,-1.9191497251245841,0.9846306621540174,-0.3034345771957162,0.32706212458833717,-0.35347352257287784,0.25759334859915606,-0.1911203270674524,0.12612656938276146,0.024478793358445206,0.3581403891754813,-1.6325116659989423
84,4200,85,-0.11126875844418851,1.4803479884652575,0.1732254972963133,-1.0365500942946195,0.37550535122871215,-0.013985659270390745,0.3122051961280074,0.09569733284866454,-0.3026284436876273,1.1535860970634626,0.8306806420581822,-0.7106329867864442,0.3581403891754813,0.6125530498969481
55,5970,71,0.07070951135356304,-0.19109950858549485,-0.34900943881310126,-1.3559697713457746,1.7438698760769915,1.0360807079976635,-0.7100928488284425,1.2632379969775114,-0.17218743851993448,1.1929497028195202,2.0117510161231524,0.2929121243143851,1.8150779933081982,0.6125530498969481
49,4545,72,-0.5550157239465556,-0.6744109272506594,-0.7129088773909941,-0.06284045653180402,0.1424118724317926,0.44960143907769445,-1.4016057555673218,-0.7494672137091747,0.0578612934555406,0.5306181538634841,-0.3141256324189976,0.6065889645180796,0.3581403891754813,0.6125530498969481
77,4900,72,0.13435266957470868,1.0705183742130715,-0.4494154236436975,-1.1393532694354787,1.43096131592973,1.302364976162053,-0.831740799103585,0.09569733284866454,-0.9021518863751771,1.5418252579254095,1.0464841311853095,-1.4329500816081144,1.8150779933081982,0.6125530498969481
63,5699,52,0.039557771850669034,0.6270233788095004,-0.4356781996188606,-1.3559697713457746,1.354189599847541,-0.22919460362735344,1.0643080452524982,0.8746535950171559,-0.06921364143108524,0.643318740239679,0.8053115233502969,-0.7550322887549397,1.8150779933081982,0.6125530498969481
70,4500,80,-0.3450479451380306,0.9881629366230463,-0.4044006020715584,-0.45279577970094953,0.6394261943177687,0.9136308365994197,1.4813871223033475,-0.1356944211524122,0.7394742565334033,0.060686441260878146,-0.027796847380029743,0.5382006634542115,0.3581403891754813,0.6125530498969481
64,5370,63,0.26296004294084696,0.012544204192919125,0.1669051989641792,1.2884950889424895,0.5717126512542592,-0.22919460362735344,0.23641393778204187,0.3410143789166372,-0.32895477682173246,-0.019012808716357025,0.33364788583962707,-0.33607074426148165,0.3581403891754813,0.6125530498969481
36,5130,67,0.01128404974854003,-0.6744109272506594,-0.028009453844680034,0.3770778172558809,0.298527976331629,0.12366360034857365,0.09319079534349296,0.8746535950171559,-0.14633148248231995,0.34549454598816776,0.03894435293751084,0.8873465809803923,0.3581403891754813,0.6125530498969481
80,4620,68,0.02666551063609317,1.2273850455284776,-0.15639585241063217,-0.45646481674149725,1.0795063249243446,-1.0385747644412713,-0.8569127059428367,1.0656043502924986,-0.14633148248231995,1.0294623131395182,0.6069399664301677,0.36347496864886336,0.3581403891754813,0.6125530498969481
67,2970,59,-0.8607730933120695,0.47565884296982625,-0.3965273465781016,-0.8801407632332473,0.03309415651257141,-0.22919460362735344,1.6341274957919074,-0.1356944211524122,-0.7065095991630403,-0.019012808716357025,-0.17407282626408024,0.5313271909564313,0.3581403891754813,0.6125530498969481
39,4365,52,-1.211636668144797,-0.49946894118390567,-0.871284611288003,-0.6188310905150496,0.15097738811113046,0.12366360034857365,2.4151341948166603,-1.0407110988557453,-0.250216479237428,-0.28448920152158647,-0.3351092920324067,1.2283420964325373,0.3581403891754813,0.6125530498969481
96,5790,99,0.865199010283176,2.22626606918675,0.07185772335243856,-1.3727617016546403,1.9375903262235872,-0.22919460362735344,-0.007652219861956637,1.572409762644023,-1.3393806834015403,1.9063326126299334,1.9641204770237148,-3.0576838088176275,1.8150779933081982,0.6125530498969481
50,5084,67,-2.3123109268991824,-0.5849046607537626,-2.955119910549431,0.45377706875136087,0.36347294163275595,-0.6142542982610626,-1.8555147903246894,-0.4230962065588109,-1.5530655010797432,1.2689406411191924,0.49939049764932464,0.2143770628670464,0.3581403891754813,0.6125530498969481
34,3400,91,-0.24898650530947167,-1.2041414384332418,-0.461488606614556,-0.4638657067274971,-0.5786103630272444,0.12366360034857365,0.525412318799351,-0.060091883356808096,0.007245147886748601,-1.3233835886260938,-0.40189385161474894,0.5026591753607847,-1.0987972149572356,0.6125530498969481
45,2700,58,0.6619525445131585,-0.2637884142137961,1.0373464317698233,0.6278025423878265,-1.8801988340946807,-2.0483080496073764,-0.007652219861956637,-1.3460179845367914,1.4885635747884411,-0.10280094841912382,-1.366616074390153,-0.8930637307237067,-1.0987972149572356,-1.6325116659989423
61,3392,59,0.33739475885357234,0.012544204192919125,0.5826904389217379,0.44776209048702337,-1.0288789635676352,0.32217442668206625,1.221831296504819,-0.1356944211524122,-0.2763826353397781,0.47121122188858366,-0.6236948310044765,0.211480153610513,-1.0987972149572356,-1.6325116659989423
41,3700,50,-2.4168012216092647,-0.49946894118390567,-2.3931913503392037,-1.5075173179698154,-0.21682050591119023,-0.22919460362735344,0.3122051961280074,-1.8227310098814986,-1.491320427014306,0.47121122188858366,0.16128556010863057,0.6474257244242533,0.3581403891754813,0.6125530498969481
68,4404,78,0.1913028189805296,0.9459121453121648,0.06777717653348485,-0.5141529033467143,1.298495799095605,-1.0385747644412713,-0.831740799103585,1.1635803366973685,-0.2763826353397781,0.643318740239679,0.5272296904965207,0.8965350284607806,1.8150779933081982,0.6125530498969481
83,4150,75,-0.0668124663173794,1.3022664532279353,-0.6112181958552241,-1.2934851488090782,0.6437572307305874,0.48087930371471616,0.37105468909019607,0.8746535950171559,0.35589122750062535,1.231387019584252,-0.17752060496306546,-0.8435501254277106,0.3581403891754813,0.6125530498969481
86,5370,82,0.4976756803184542,1.2273850455284776,0.40629620855151977,-0.8052989747267916,1.2865650797263204,-0.013985659270390745,-1.0144444682729057,1.0656043502924986,0.33141144399481504,0.8951255085680089,0.6058762532704568,0.6057779701630772,1.8150779933081982,0.6125530498969481
26,3900,40,0.28752525648337707,-2.216819485276004,0.49682443185314706,1.237428064289725,-0.8968839680785266,-0.22919460362735344,-0.007652219861956637,-1.3460179845367914,1.6627857007207905,-0.488944521318963,-1.9799723906934954,-0.39011844764319553,-1.0987972149572356,-1.6325116659989423
47,4960,83,0.18191090548428132,0.012544204192919125,0.4218761869499274,0.7949301623211533,0.38473670860264636,0.44960143907769445,0.0766966911087716,-0.4912534379026085,-0.14633148248231995,0.7487430981377603,0.22480100330433034,1.1867333683591725,0.3581403891754813,0.6125530498969481
61,4200,49,0.24472110475517367,0.5776799288914051,0.40327646105349085,-0.4312059738755724,-0.8634700462138201,0.5550371333806158,-0.8798209511999466,-0.4912534379026085,0.1332649014169342,0.060686441260878146,-0.029380542782094097,1.1310966105038294,-1.0987972149572356,0.6125530498969481
99,6510,99,1.6595786935250623,2.570900058930502,0.9515919364341747,-0.8248132324389376,1.9717424155825214,0.6339700079371658,1.1864951440470621,1.2632379969775114,-2.381681492310293,1.4777578075468099,2.768808757885069,-3.5221084784548156,1.8150779933081982,0.6125530498969481
63,3560,99,0.5667677725691354,0.25645415555414425,0.4661796534195705,1.1167034464456522,-1.5466554499900282,-0.22919460362735344,0.0766966911087716,-0.4912534379026085,1.0179463816947247,0.5879401964775927,-1.947123625853555,-0.8592576790660932,-1.0987972149572356,0.6125530498969481
